seizure_id,subject,vigilance,chs,last10__in_0p5_40,last10__hi_40_48,last10__line_48_52,last10__hi_52_70,last10__hi_70_90,last10__line_98_102,last10__hi_90_125,far__in_0p5_40,far__hi_40_48,far__line_48_52,far__hi_52_70,far__hi_70_90,far__line_98_102,far__hi_90_125
sub-047_ses-01_task-szMonitoring_run-04_seizure-0013,47,awake,2,6.720935602959777e-09,1.9878313254446313e-11,3.4101765030407713e-10,2.265772308687503e-11,9.683886853668458e-12,7.664404835514067e-13,4.562238946704702e-12,2.3767279721944392e-09,6.483089859160476e-12,2.948637903842271e-10,1.3290284991753817e-11,7.82572103593335e-12,7.279634159667344e-13,4.762812277952107e-12
sub-022_ses-01_task-szMonitoring_run-06_seizure-0000,22,awake,2,6.079824327385903e-10,1.5029326621989457e-11,6.9517904338718405e-12,2.3935030688424067e-11,8.97878757029739e-12,5.111237074311827e-13,3.7053344011289045e-12,5.512054589611176e-10,2.3066799016103175e-11,9.440358793205104e-12,2.8031267629763697e-11,9.945491795444613e-12,4.5232510637609143e-13,3.233773658479487e-12
sub-065_ses-01_task-szMonitoring_run-05_seizure-0000,65,awake,2,1.8606257377043812e-10,5.0898882881117615e-12,2.092027058036926e-12,6.769606781376631e-12,3.597917962133032e-12,2.8033103841608806e-13,1.9122737554731496e-12,3.6440475347548025e-09,7.860569485177449e-11,3.4909276963892443e-11,1.2772742948152845e-10,8.298462734179433e-11,7.578573792533194e-12,5.4110777264991326e-11
sub-073_ses-01_task-szMonitoring_run-27_seizure-0000,73,awake,2,4.519971839137803e-10,5.364552813807309e-12,2.2817297020063416e-12,6.488089475943147e-12,2.862567477793733e-12,1.7659957528577546e-13,1.2197142009676568e-12,8.109269770627486e-09,3.3691141169624624e-11,1.4117071048356304e-11,2.411669880509315e-11,2.1928589331760797e-11,4.697074180163446e-12,2.8604634716853123e-11
sub-097_ses-01_task-szMonitoring_run-04_seizure-0001,97,asleep,2,2.3591456488655294e-10,7.375565339643422e-13,3.7887598900715963e-13,1.051026870235842e-12,5.585987679265917e-13,5.351448838968244e-14,3.6965738110691206e-13,2.406828266108851e-10,8.212671701994601e-13,4.032085153011599e-13,1.1483810092546584e-12,6.1970549441621e-13,5.763874555095193e-14,4.0375131703728516e-13
sub-109_ses-01_task-szMonitoring_run-03_seizure-0000,109,asleep,2,1.3465711540237094e-10,3.891499589196831e-12,1.479764850195458e-10,5.10008248457635e-12,2.4140011419501924e-12,4.787645367479804e-13,1.581421343573558e-12,1.1137507122190538e-10,4.688250588735461e-12,1.2952842357640855e-10,6.51599743077634e-12,3.3492243319826288e-12,5.989339331090432e-13,2.184597536163152e-12
sub-113_ses-01_task-szMonitoring_run-06_seizure-0000,113,awake,2,2.444809770189953e-10,2.3078335908026465e-11,7.788157337095015e-12,2.550328736228996e-11,9.589912274513306e-12,4.914848927457682e-13,3.3186424323191447e-12,1.0521752936670229e-09,1.1314609095634579e-10,3.9706201275952385e-11,1.0564178230308516e-10,3.9281623016547224e-11,2.137329426946803e-12,1.3619856176435051e-11
sub-105_ses-01_task-szMonitoring_run-07_seizure-0004,105,asleep,2,2.0609788100883337e-08,1.896442263727585e-09,2.7442480219660486e-07,2.5512804714718253e-09,2.830592249274231e-10,2.637261174860835e-09,2.937736611084414e-09,1.4391272243044459e-09,3.638219332079179e-09,8.171427006989686e-07,4.7958336686169945e-09,2.326543032484289e-10,6.596529768635739e-11,1.836057216890648e-10
sub-119_ses-01_task-szMonitoring_run-31_seizure-0000,119,awake,2,1.4295961355082644e-08,1.230984103293807e-10,2.3726696463079615e-11,1.3595719481249881e-10,6.665146934284641e-11,7.0226475666535315e-12,7.84859013205301e-11,2.0259931244369417e-10,1.2196868549878504e-11,5.4820038931305745e-12,1.6403008527225685e-11,9.149666725562051e-12,6.32980813242384e-13,4.016332554591171e-12
sub-024_ses-01_task-szMonitoring_run-07_seizure-0002,24,asleep,2,1.3252179556372775e-08,6.396527290432394e-11,2.76061000320238e-11,7.35901680098061e-11,2.8611597765646566e-11,1.865825788739998e-12,1.3018525781192471e-11,2.2677551831818247e-09,3.0061221409217466e-11,1.3946342876291997e-11,3.664194087027802e-11,1.6485872798848262e-11,1.060142679899932e-12,7.441741980266323e-12
sub-039_ses-01_task-szMonitoring_run-06_seizure-0001,39,awake,2,4.738254628444118e-10,5.891479759498877e-11,2.5068962566621e-11,7.881146294764543e-11,3.941802295419437e-11,2.7099055297000806e-12,1.84011953829928e-11,4.970069978330644e-10,4.178792062259728e-11,1.803541246115094e-11,5.95956301316367e-11,2.7662217674611942e-11,1.8665934495307846e-12,1.2368689938269811e-11
sub-050_ses-01_task-szMonitoring_run-05_seizure-0002,50,awake,2,6.211099645682112e-10,2.5472451092478518e-11,1.4836819161220438e-11,3.235596042209937e-11,1.8670970556062964e-11,1.869845173207886e-12,1.1405072008637166e-11,1.776872585052986e-09,1.0728633061332241e-10,4.7262983805540744e-11,1.2914711930469835e-10,6.07517443764869e-11,4.9139542562639986e-12,2.9029623842015707e-11
sub-043_ses-01_task-szMonitoring_run-05_seizure-0001,43,awake,2,1.4276227832270155e-09,6.505377509188116e-12,1.491619805051499e-11,9.422879544607608e-12,4.9793556834968774e-12,3.9323496682496106e-13,2.6447897048303647e-12,5.037956714333337e-10,4.291793008449192e-12,1.5588317050264902e-11,5.416678305686231e-12,2.7683286251489363e-12,2.394381254106727e-13,1.4705119983387444e-12
sub-055_ses-01_task-szMonitoring_run-02_seizure-0001,55,asleep,2,2.896345398531604e-10,3.2978588235824386e-12,1.2747580074679511e-12,4.173739220435126e-12,2.141543362180376e-12,1.732118729726797e-13,9.928689461230002e-13,3.9246188465299735e-10,4.739813009049708e-12,1.8107850708177718e-12,5.588498147835348e-12,2.823808870016749e-12,2.2402349666820062e-13,1.3314218783181816e-12
sub-002_ses-01_task-szMonitoring_run-10_seizure-0000,2,awake,2,3.122638803780047e-10,1.0005230257827356e-11,4.184011103491766e-12,1.2015911301689351e-11,5.887238808628842e-12,4.4020424509757886e-13,3.051235882398736e-12,2.064040126047824e-10,2.9936021812744264e-12,1.464811253203138e-12,4.6906587004865754e-12,2.7211528907629287e-12,2.408784868663399e-13,1.538534541156158e-12
sub-040_ses-01_task-szMonitoring_run-04_seizure-0000,40,awake,2,3.128963749668374e-10,1.1200233287816854e-11,1.0245607220416886e-11,1.4429548518864844e-11,7.104959440690276e-12,4.641929414428836e-13,3.3438000239306307e-12,3.6790804713563424e-10,1.553460154565836e-11,7.87689756051831e-12,1.8325311696152186e-11,7.645249817367276e-12,4.2502443573146693e-13,2.9179196026253476e-12
sub-001_ses-01_task-szMonitoring_run-08_seizure-0000,1,awake,2,7.960890255755746e-09,5.90594859622682e-11,2.574368693553573e-11,7.08789720629731e-11,4.3440145989849803e-11,5.408555070610616e-12,4.102097781846948e-11,1.2872120821056047e-10,4.141074689459751e-12,3.766102773060758e-12,5.278611900297887e-12,2.7061660435934035e-12,2.2028125921169445e-13,1.4708624848209804e-12
sub-101_ses-01_task-szMonitoring_run-08_seizure-0000,101,awake,2,2.7276541998260723e-10,6.500081885197587e-11,3.309042918926274e-08,9.928054320448322e-11,1.9324266125380067e-11,1.3462153952709296e-09,1.371050297421373e-09,3.7667204420426374e-10,2.1011851914580302e-11,1.1844389061182385e-11,2.88220302704758e-11,1.6237370250352572e-11,1.3616319661462728e-12,8.321526163790867e-12
sub-082_ses-01_task-szMonitoring_run-11_seizure-0001,82,asleep,2,1.4588386418433914e-10,1.2648609140382345e-12,5.252671377320502e-13,1.577809647610171e-12,7.533848391941379e-13,5.856056129180467e-14,4.048018364240254e-13,2.0937176766648094e-10,2.072890535734304e-12,8.621387230799858e-13,2.8790021006268827e-12,1.471894411701995e-12,1.1220153604912755e-13,7.883193475827089e-13
sub-008_ses-01_task-szMonitoring_run-01_seizure-0000,8,awake,2,8.389393663530161e-11,7.249143001447712e-12,9.155422362433377e-12,1.1795916503198438e-11,7.005707560934166e-12,6.537709081384892e-13,4.207388699429946e-12,3.5391163890426376e-10,3.060943555647711e-11,1.4956828047650967e-11,4.354167153386556e-11,2.3217770318919437e-11,1.7832179843032476e-12,1.1340665473819717e-11
sub-119_ses-01_task-szMonitoring_run-30_seizure-0000,119,awake,2,9.833745917701527e-10,4.2669065284870524e-11,1.7867824142987125e-11,5.118040659356172e-11,1.7915678739581702e-11,8.629778982099133e-13,6.2420136759404325e-12,6.450320232945678e-10,1.118226653219669e-11,3.695324093687231e-12,1.165118674274195e-11,5.214615367904388e-12,3.2814419762193334e-13,2.1959215913939478e-12
sub-014_ses-01_task-szMonitoring_run-01_seizure-0001,14,awake,2,6.427134060993128e-10,2.7752910448833755e-11,1.1370012717307264e-11,3.6392587930293914e-11,1.7463785901102808e-11,1.2500714414005352e-12,8.455391638393358e-12,6.269770954636994e-10,1.7542295433566826e-11,6.986269015566322e-12,2.328378867781248e-11,1.1463350479840488e-11,7.744379352535987e-13,5.156413163167307e-12
sub-015_ses-01_task-szMonitoring_run-08_seizure-0001,15,awake,2,3.43194080607538e-10,1.5914637215408247e-11,6.6516811364476655e-12,2.3068616034954184e-11,1.087358750538015e-11,8.264648822172669e-13,5.749854877779292e-12,2.3167146571559917e-10,8.31474325862249e-12,3.4195493720535176e-12,1.3085775780612897e-11,8.121684861470811e-12,7.160500390721548e-13,5.014156561787176e-12
sub-059_ses-01_task-szMonitoring_run-01_seizure-0000,59,asleep,2,3.2278378592742395e-10,1.2008215383109905e-11,5.637569148655464e-12,1.9413675817696847e-11,1.020707253555252e-11,6.502093069243715e-13,3.643948909562484e-12,2.087124247080537e-10,1.8348247788459997e-12,7.331025278952531e-13,2.4230285846525305e-12,1.039505042920834e-12,7.050306211447207e-14,4.333447497303583e-13
sub-038_ses-01_task-szMonitoring_run-07_seizure-0002,38,asleep,2,8.34536144910103e-10,7.303597640701085e-12,8.369282826892358e-12,8.672105264290955e-12,4.478626801489821e-12,3.4502767999486214e-13,2.36880811857228e-12,3.020348463959636e-10,5.760306647867111e-12,5.021934011593407e-12,7.798196210148182e-12,3.985817779762937e-12,3.181141714481208e-13,2.069675748452196e-12
sub-108_ses-01_task-szMonitoring_run-01_seizure-0002,108,awake,2,8.558284113956195e-10,5.28192633284639e-11,3.520046892030907e-11,6.953645981814705e-11,3.667832573866062e-11,2.6259058598961466e-12,1.761464191970631e-11,1.2550798479318772e-09,2.0745968836192698e-10,8.383176636248062e-11,2.402113065514386e-10,1.2383586844230343e-10,8.203992773020352e-12,5.97348656189724e-11
sub-107_ses-01_task-szMonitoring_run-06_seizure-0001,107,asleep,2,1.9347590477873933e-09,6.94807757987775e-11,2.5728578953675338e-11,7.084028793566724e-11,2.8885384889185167e-11,1.7192068504196652e-12,1.1420874512185661e-11,2.698038622493152e-10,1.683754836257759e-11,2.773963421545923e-11,2.579005581104254e-11,1.4115199344094567e-11,1.0444618161433594e-12,6.959798739960788e-12
sub-072_ses-01_task-szMonitoring_run-16_seizure-0001,72,awake,2,1.2675304812576847e-10,3.5629186239996898e-12,1.4547076099694388e-12,4.710098537381507e-12,2.263932879397519e-12,1.4724834039330005e-13,9.826130748477773e-13,2.1720904507494494e-10,1.4856439580197202e-12,6.780066367201195e-13,2.2649338675698642e-12,1.4174945098737662e-12,1.104165541151978e-13,8.957525515749234e-13
sub-077_ses-01_task-szMonitoring_run-02_seizure-0000,77,awake,2,4.4451185688753816e-10,2.3377359746506093e-12,1.1359725536342353e-12,3.724672044810363e-12,1.6072921294054082e-12,1.1381657236113146e-13,7.499819636737676e-13,2.1839480060760803e-09,7.372474659316598e-12,3.627080320191141e-12,1.3707549328374333e-11,7.600534824990553e-12,5.511352808042419e-13,3.7997397110562115e-12
sub-056_ses-01_task-szMonitoring_run-04_seizure-0001,56,asleep,2,9.288357110573188e-10,3.695585651812747e-12,1.553473637976353e-12,4.6995035257246885e-12,2.419681123841935e-12,1.9862820332099695e-13,1.1509468471231335e-12,1.3704595967742758e-08,2.0362076455834676e-11,7.389064974793524e-12,2.7069022558107956e-11,2.1533898510598003e-11,2.166966667585945e-12,1.2346420525310707e-11
sub-061_ses-01_task-szMonitoring_run-03_seizure-0000,61,awake,2,6.542492274767666e-08,1.4737443889623355e-09,1.0202634044678212e-07,2.0682121837079827e-09,1.012262278865053e-09,1.3725927439255079e-08,1.7000726922953787e-08,8.617456107880109e-08,3.654397253107699e-10,4.0724577416988094e-10,5.532027727631884e-10,2.7795617056273675e-10,2.5453656426689103e-11,2.0755845114534377e-10
sub-112_ses-01_task-szMonitoring_run-03_seizure-0000,112,awake,2,1.4958650010345872e-09,4.6164771049019964e-11,1.5567289575218073e-11,4.254718143059312e-11,1.4349035645689206e-11,6.501849628717618e-13,4.344772049383454e-12,1.071267368790761e-09,4.146696537836876e-11,1.6960711255976116e-11,3.9350900210693824e-11,1.3108551288389256e-11,6.16726327488184e-13,3.9251494604317655e-12
sub-070_ses-01_task-szMonitoring_run-12_seizure-0000,70,awake,2,9.481985131856951e-11,5.540810197721325e-12,2.1349879162097992e-12,7.033982838229515e-12,3.860757671450274e-12,3.1195404314620784e-13,2.1599450144950537e-12,2.1665909503097508e-10,5.085470112604508e-12,2.072443600386559e-12,6.84272851679801e-12,3.6117542847779512e-12,2.716606789084607e-13,1.9208684467432797e-12
sub-044_ses-01_task-szMonitoring_run-01_seizure-0000,44,awake,2,1.0876144442213027e-09,1.6117241779305032e-11,7.062745901856511e-12,2.1324564022947052e-11,7.87228319391879e-12,4.365950104603035e-13,3.0877728966129954e-12,3.5094139862592904e-10,1.7469256270894654e-11,1.1623943727669141e-11,2.4763533879021586e-11,1.3784594583357327e-11,1.0106740834493027e-12,6.738681550074041e-12
sub-068_ses-01_task-szMonitoring_run-06_seizure-0000,68,un,2,9.799188483499235e-10,1.4353382448861522e-11,6.555543853465095e-12,2.4310820255302985e-11,1.3933155938228818e-11,1.1089045097425393e-12,7.725894131516131e-12,7.876215904843116e-10,8.433485628469385e-12,4.487979516752912e-12,1.3318932243419944e-11,5.588362003417456e-12,3.970986499081636e-13,2.621815281748864e-12
sub-035_ses-01_task-szMonitoring_run-06_seizure-0000,35,asleep,2,1.0017431201671942e-08,2.606398874569592e-11,1.5927952259657444e-09,5.509629246709902e-11,3.362043641732424e-11,1.9841885554548117e-12,1.2407609303355636e-11,1.9002400313287304e-09,6.328280616613773e-12,1.4384966186909774e-09,5.976580547301322e-12,8.359293197603069e-13,9.131050223145684e-14,3.721587057542416e-13
sub-077_ses-01_task-szMonitoring_run-06_seizure-0000,77,awake,2,1.609675638931986e-09,1.847673120180971e-11,8.482478795946546e-12,3.4917158363257195e-11,1.9741864413773428e-11,1.1485617022910093e-12,8.074861752922686e-12,2.5152052986885047e-10,2.6805328403315056e-11,1.3144082887779906e-11,5.6622309768184355e-11,3.572908791156071e-11,2.3301521598740006e-12,1.6660622435266895e-11
sub-007_ses-01_task-szMonitoring_run-03_seizure-0002,7,asleep,2,2.4135560448863394e-10,4.263373552758472e-12,5.912646402082866e-12,5.38194758865384e-12,2.7200196028429597e-12,2.08009637002487e-13,1.5361180181739016e-12,2.350114313537175e-10,3.105967197520789e-12,7.0330344340694935e-12,3.7494966463312975e-12,1.9147299469733565e-12,1.6517891345327038e-13,1.0462857858589463e-12
sub-042_ses-01_task-szMonitoring_run-04_seizure-0008,42,asleep,2,1.0331433912499804e-09,5.143308813716874e-12,2.173804731387334e-12,6.972808879079716e-12,4.136815843777524e-12,4.032176031558661e-13,2.8241508905370537e-12,7.738182000083977e-10,3.656841460123949e-12,1.5063990925485834e-12,4.833347492793972e-12,2.8530489568093056e-12,2.7406808615225603e-13,2.046850459628007e-12
sub-047_ses-01_task-szMonitoring_run-01_seizure-0000,47,awake,2,6.389166222923831e-10,1.3174468948064915e-11,8.188287986268766e-12,1.8238424803676626e-11,9.425709036750124e-12,6.564087906288602e-13,4.341438985086582e-12,7.222998287022289e-10,1.8269130823667157e-11,1.1500221690636913e-11,2.104734239845838e-11,8.700220346950065e-12,3.767186789007409e-13,2.6355546311348507e-12
sub-051_ses-01_task-szMonitoring_run-01_seizure-0001,51,awake,2,2.1830213209436082e-09,8.21181270275036e-11,3.323401909449693e-11,9.217888082649496e-11,4.143970096647958e-11,2.6225548885555022e-12,1.6567797282754253e-11,2.136616388165995e-09,8.359764944409604e-11,3.281425846887695e-11,9.253213813364452e-11,4.150486935506909e-11,2.7080650757901455e-12,1.7305552776660557e-11
sub-048_ses-01_task-szMonitoring_run-06_seizure-0000,48,asleep,2,8.923185137779192e-10,3.2703688643859295e-12,1.4099440912576504e-12,4.232894470662379e-12,2.215475211024175e-12,1.6411606071989352e-13,1.120333574249665e-12,1.8779296507993047e-10,3.5017116101886713e-12,1.5311506802701014e-12,4.873414616135476e-12,2.4680472336612315e-12,1.88017641269152e-13,1.3001494702117947e-12
sub-064_ses-01_task-szMonitoring_run-02_seizure-0001,64,awake,2,9.821469159353412e-09,3.3482645428520314e-11,1.1765188919356359e-11,2.3265499384155728e-11,1.3650368081442612e-11,2.678566281656486e-12,1.4520743575107203e-11,2.1748553103919195e-10,8.70411635862254e-12,4.462072408648461e-12,1.1096884718104404e-11,5.038652885860883e-12,3.0840551943705446e-13,1.9239529592493722e-12
sub-030_ses-01_task-szMonitoring_run-05_seizure-0004,30,awake,2,3.646359848407133e-10,5.147205204414426e-12,1.9972193019545872e-12,6.231888028970936e-12,3.1175519440480155e-12,2.2445934853090831e-13,1.526303435339889e-12,3.759203541447411e-10,2.9898153447845883e-12,1.3484583012257691e-12,3.6040370968890593e-12,1.6926566404206742e-12,1.1432023612508822e-13,7.924190286189506e-13
sub-042_ses-01_task-szMonitoring_run-08_seizure-0003,42,asleep,2,6.097174381576635e-10,6.482883478506218e-12,3.4660959734410987e-10,9.452456162539748e-12,4.414161197377096e-12,7.57078338623519e-13,3.1342423993255965e-12,1.1088104408662493e-08,1.962323073459423e-10,5.321534917306477e-10,3.238369955560866e-10,1.2478225765915483e-10,1.6111390911774937e-11,1.1658744924948644e-10
sub-052_ses-01_task-szMonitoring_run-01_seizure-0000,52,awake,2,1.5242115472203298e-09,8.01177224330168e-11,8.65652501500614e-11,7.358718162221165e-11,2.360497019596406e-11,1.5056578008033764e-12,9.132082406048165e-12,1.2476844574856412e-09,7.336442293562341e-11,7.399159589041373e-11,6.662121119506043e-11,2.1204516963827578e-11,1.4077139634921209e-12,9.182482149422591e-12
sub-028_ses-01_task-szMonitoring_run-01_seizure-0000,28,awake,2,7.941328472479881e-10,9.810999968772025e-11,4.7475688109422714e-11,1.3717004959657297e-10,7.364556003575444e-11,4.93266969239815e-12,3.411601394393183e-11,1.0288556918792372e-09,4.1701169966167724e-11,1.7424169341505295e-11,5.945216804564226e-11,3.5693780603347264e-11,2.829357864240412e-12,1.8716904752898696e-11
sub-011_ses-01_task-szMonitoring_run-03_seizure-0000,11,awake,2,5.651225083923325e-10,5.217564047966478e-11,2.2399225154840527e-11,7.862813486406859e-11,3.842356992489905e-11,2.8303003831734964e-12,1.8084581431236148e-11,3.5105609185809124e-10,3.636420338366539e-11,1.4633892024735195e-11,5.34558059526623e-11,2.933114772569546e-11,1.8785524273256337e-12,1.38461416251159e-11
sub-113_ses-01_task-szMonitoring_run-04_seizure-0001,113,awake,2,5.2992136090485836e-08,6.015492968365918e-10,3.655351548404901e-10,6.696469062990984e-10,3.570508698402842e-10,2.619934188145746e-11,2.1590021412956816e-10,1.0690691734314724e-07,1.1823158922420145e-09,8.827737084362981e-10,1.4451839094925987e-09,7.180464819568393e-10,6.757471698710646e-11,3.9294305730169106e-10
sub-011_ses-01_task-szMonitoring_run-03_seizure-0001,11,awake,2,3.2493852991603634e-10,1.807366233773435e-11,1.1663498040576703e-10,2.3408263280314732e-11,1.0619696997852892e-11,7.194815739947786e-13,4.798789523206284e-12,1.0373329777887765e-09,5.180308496916752e-11,7.502289019984274e-11,6.784944730271626e-11,3.048826985643874e-11,2.136560893783675e-12,1.5117049581209195e-11
sub-019_ses-01_task-szMonitoring_run-07_seizure-0000,19,awake,2,2.638835113398189e-10,8.074911297619104e-12,4.945444977980745e-12,9.683436837649267e-12,4.813540391135087e-12,3.3911013490601323e-13,2.31875394876907e-12,7.944614722214624e-10,4.885774981348333e-11,2.3841768050926814e-11,8.967476169313757e-11,5.351925719241015e-11,4.3988885830879285e-12,3.176537582259746e-11
sub-001_ses-01_task-szMonitoring_run-07_seizure-0000,1,awake,2,2.53651853519453e-09,1.3262138221082221e-11,6.569325582367892e-12,2.5523952629511888e-11,1.1730739836246691e-11,1.0735116459856425e-12,9.324297698964222e-12,4.675633008668822e-10,1.2570645473376523e-11,4.972088641915102e-12,1.5147847100983562e-11,6.3130116861671884e-12,4.084660606016703e-13,2.8421298096501047e-12
sub-117_ses-01_task-szMonitoring_run-10_seizure-0000,117,asleep,2,4.772896543793652e-11,2.212467629275512e-12,9.437463827384473e-13,3.0342491657888296e-12,1.7147558769494097e-12,1.4108091372811967e-13,9.461956093037184e-13,1.3178645056397665e-08,1.5027994600173088e-10,3.4073029846154173e-11,7.468702691412829e-11,2.3128255774053926e-11,5.340375163006802e-12,2.669360043257234e-11
sub-103_ses-01_task-szMonitoring_run-02_seizure-0000,103,asleep,2,1.6743980285510886e-10,7.070558516683127e-12,5.420884562613492e-12,1.029851117824925e-11,5.921674487343059e-12,3.838684843579305e-13,2.7866547041781025e-12,4.5322741206434997e-10,7.147083902634485e-11,3.253553724480063e-11,1.0816895115517135e-10,6.09472396032975e-11,4.713205560468363e-12,3.143913337757492e-11
sub-034_ses-01_task-szMonitoring_run-03_seizure-0000,34,awake,2,6.471418189101041e-11,4.664758062703368e-12,2.5921029563260737e-12,7.563395315453346e-12,4.395278259602023e-12,2.89395297525564e-13,1.8900564630410837e-12,3.5498327120347907e-10,3.7040499211381746e-11,1.520173190990648e-11,4.937225762041238e-11,2.164079414561934e-11,1.1729933336129803e-12,7.80930581101379e-12
sub-060_ses-01_task-szMonitoring_run-04_seizure-0000,60,awake,2,9.338447097308884e-10,1.8012035631375988e-11,1.4878148632684163e-11,1.7209245152137383e-11,6.970576461763445e-12,4.5400282411485687e-13,2.8510888824977067e-12,2.3005934850036122e-09,1.2890803619003924e-10,4.644279177551473e-11,1.1025739302441772e-10,4.045615794993381e-11,2.5210522801491587e-12,1.58080750947961e-11
sub-026_ses-01_task-szMonitoring_run-04_seizure-0000,26,awake,2,2.7868190399987466e-10,2.0057342031201463e-11,1.3719385001008786e-11,5.226134120719175e-11,3.589355710052849e-11,3.170189509240768e-12,2.1815082260075204e-11,3.133025134895495e-10,1.8651743521486055e-11,1.042720934271586e-11,2.9938190782216365e-11,1.7573580248144008e-11,1.2366485652661576e-12,9.445462877235965e-12
sub-063_ses-01_task-szMonitoring_run-04_seizure-0000,63,asleep,2,2.9485171934839244e-09,3.1057950274503993e-12,1.1159505566588334e-12,4.3676583162226426e-12,2.210892120971455e-12,2.0247675009063326e-13,1.165776024264256e-12,2.7094430591321656e-09,1.5529926472472384e-12,7.395800540281806e-13,2.165032799373721e-12,1.1660161585011637e-12,8.110079588331089e-14,4.768827108034667e-13
sub-115_ses-01_task-szMonitoring_run-12_seizure-0000,115,awake,2,5.464169527914784e-10,3.060342588020617e-12,1.2292496627429726e-12,3.995758715621159e-12,1.942787996014161e-12,1.292753763159636e-13,8.897460300898031e-13,2.7847568313790466e-11,9.368378165580946e-13,4.355649071027336e-13,1.5868837536941322e-12,8.21021381302982e-13,5.792232380878937e-14,4.572214131679285e-13
sub-107_ses-01_task-szMonitoring_run-01_seizure-0000,107,awake,2,2.3538710876618236e-10,7.588250109905854e-12,4.966686483149816e-12,1.1601390318722398e-11,6.206813812911698e-12,5.036919317508758e-13,3.3684421454769184e-12,2.42322756896878e-10,4.112428734096458e-12,3.5322346462666132e-12,5.49782768766875e-12,3.021303388655982e-12,2.416450842882604e-13,1.65278640573199e-12
sub-075_ses-01_task-szMonitoring_run-01_seizure-0000,75,awake,2,4.947025915497332e-10,1.0374531810331078e-12,4.424400777205328e-13,1.9073177835953577e-12,1.1943479146937917e-12,9.972090582144868e-14,6.989815050879812e-13,7.280217012312925e-10,3.3850533523526264e-12,1.3888021330538221e-12,4.529396687324323e-12,2.139482174523184e-12,1.2924759058642523e-13,9.002774489974669e-13
sub-060_ses-01_task-szMonitoring_run-03_seizure-0000,60,asleep,2,9.001577782392263e-10,5.289222198151753e-11,1.619295126370122e-11,3.8277151305264865e-11,1.000760844791372e-11,3.626505763720355e-13,2.268420820394888e-12,4.3141440236008775e-09,1.576929321720915e-10,5.84609751064273e-11,1.3814129346484466e-10,4.320237799213782e-11,2.6013619292398564e-12,1.5366523568944154e-11
sub-016_ses-01_task-szMonitoring_run-02_seizure-0000,16,awake,2,4.077251587760207e-09,2.9695144966027035e-10,1.895667590216385e-10,6.607637391127876e-10,4.381424185647728e-10,9.09203145049472e-11,5.960025802700504e-10,8.963998477525185e-10,3.774842537815277e-11,3.0687524973462946e-11,5.3918774770027443e-11,2.8340653086631147e-11,2.4353922667029147e-12,1.551700155249219e-11
sub-073_ses-01_task-szMonitoring_run-31_seizure-0001,73,asleep,2,7.375858207787338e-11,4.643328424261768e-12,2.116853272137175e-12,7.1270334671848846e-12,3.739144210465689e-12,2.3609767678588566e-13,1.6009981765289193e-12,3.268519287040609e-08,6.283113417699031e-10,2.131851618827585e-09,7.822875976458017e-10,2.2588132802316746e-10,1.9755851637449817e-10,3.504064257532157e-10
sub-030_ses-01_task-szMonitoring_run-03_seizure-0001,30,asleep,2,5.691740576581486e-10,2.6724923336030356e-12,2.77043016410817e-12,3.320069750640958e-12,1.975961939775314e-12,1.6367402293895013e-13,1.1931267554837352e-12,4.762987137149326e-10,1.0648636700615482e-12,7.602578088165084e-13,1.5563147297483299e-12,1.0772921637228647e-12,1.311622273691336e-13,9.18799176749788e-13
sub-082_ses-01_task-szMonitoring_run-11_seizure-0002,82,asleep,2,5.13012031732259e-08,3.15074799231128e-10,1.4417098776067205e-10,3.678180419857443e-10,1.8932741636630987e-10,2.1244225806155312e-11,1.1508787637222809e-10,2.0534546503030256e-09,6.014202027849635e-11,3.395150962788479e-11,7.75787514231608e-11,4.5621239042139015e-11,4.522645774677139e-12,2.635650527457088e-11
sub-097_ses-01_task-szMonitoring_run-07_seizure-0000,97,asleep,2,1.567709505548221e-08,2.0948160417886736e-09,2.3303799672815194e-08,3.4459802218049133e-09,2.965061293423319e-09,1.4912237905527505e-08,1.7220018518535608e-08,2.0352180251807404e-08,2.7601556491007153e-09,5.2644452025765945e-08,5.005397811108369e-09,4.5915610575142945e-09,2.1386127462130576e-08,2.4664757562665072e-08
sub-108_ses-01_task-szMonitoring_run-01_seizure-0000,108,awake,2,5.648439409555399e-10,2.535760094205872e-11,2.6739770665742473e-11,3.4610587406906616e-11,1.838371746593805e-11,1.4181173730509845e-12,8.590116068106784e-12,7.904291829899074e-10,4.966162377020695e-11,3.787340115267156e-11,6.510077261752842e-11,3.4119710127813216e-11,2.3049193554271743e-12,1.525226835629479e-11
sub-043_ses-01_task-szMonitoring_run-07_seizure-0000,43,awake,2,1.4084731751113583e-08,1.5491321396296968e-11,1.4485122882032812e-11,1.926648204318791e-11,8.815774988556939e-12,4.740326442720418e-13,2.918427241907846e-12,3.168843959350306e-08,1.3875784238490136e-11,8.458954851944461e-12,1.7938412965586714e-11,8.516367388892047e-12,4.493776031918533e-13,3.125254705891549e-12
sub-104_ses-01_task-szMonitoring_run-05_seizure-0001,104,awake,2,2.4939381983558727e-09,7.119559077853935e-11,2.2594092375645244e-11,5.261783301419169e-11,2.0489903230101268e-11,1.1711256124068192e-12,7.792662309843617e-12,6.720799215352363e-10,4.5292831730779826e-11,1.582933871586299e-11,3.532014996453292e-11,1.2070627853793231e-11,6.869971288081957e-13,4.8329813645943206e-12
sub-010_ses-01_task-szMonitoring_run-08_seizure-0000,10,awake,2,2.698336341413261e-10,2.2755875001081103e-11,1.1146883172406436e-11,4.052191421565585e-11,2.5724972466212445e-11,2.3489567374050207e-12,1.5615492810159583e-11,2.407550970904255e-10,1.834564935131226e-11,8.401753694525488e-12,2.8212658876680343e-11,1.691119423146832e-11,1.3378029452748635e-12,8.919831920684562e-12
sub-013_ses-01_task-szMonitoring_run-01_seizure-0002,13,awake,2,5.968391110967388e-09,1.6360716916476733e-10,7.743180273971601e-11,2.915260675001182e-10,1.442131704000953e-10,1.0623775781838548e-11,7.567121380317074e-11,8.065564342991891e-09,1.995641144930367e-10,7.356422516404786e-11,2.1858310447367866e-10,1.0852502564509132e-10,5.765521356250874e-12,9.835748998732465e-11
sub-049_ses-01_task-szMonitoring_run-02_seizure-0000,49,awake,2,1.1904448758900664e-10,4.917998744664576e-12,2.103475523601035e-12,6.050814129529353e-12,3.10691496505181e-12,2.43608506400429e-13,1.4526996002894807e-12,1.9226347671191892e-10,1.935901888721056e-11,8.727014056647915e-12,2.391852910735218e-11,1.0347555991083405e-11,7.459233960442412e-13,4.341831275816732e-12
sub-021_ses-01_task-szMonitoring_run-04_seizure-0000,21,awake,2,2.2717991572608903e-10,3.7339911997194644e-12,2.210404909922086e-12,4.974637333300423e-12,2.6907219817247437e-12,2.1664824635302287e-13,1.3622809159129856e-12,1.3766922620006255e-09,5.82408674776186e-12,2.323108182057758e-12,7.341920847495507e-12,3.976059259979552e-12,3.091940836920116e-13,2.16746979793407e-12
sub-029_ses-01_task-szMonitoring_run-08_seizure-0004,29,asleep,2,7.019899147491371e-11,3.3662083348293144e-12,1.8168432931798757e-12,5.183125397523436e-12,3.2589753413035995e-12,3.0319537817483816e-13,2.086188504920145e-12,1.7069309630154413e-10,6.022569232908955e-12,2.256163591153215e-12,5.517894420812686e-12,2.4478397039340815e-12,2.0057979895164114e-13,1.3952764789077859e-12
sub-072_ses-01_task-szMonitoring_run-18_seizure-0001,72,asleep,2,5.084275811072877e-09,2.1887856318504054e-11,7.983084213473728e-12,2.796630406426163e-11,1.7224150294343682e-11,2.6608642988982803e-12,1.4016528882333892e-11,1.5445055998089728e-10,2.4027353531370587e-13,9.530770496849901e-14,2.9933877148240204e-13,1.679764113414859e-13,1.585593719637259e-14,1.1689701442975191e-13
sub-013_ses-01_task-szMonitoring_run-01_seizure-0004,13,awake,2,1.2770891394925273e-08,1.9541964236547747e-10,1.1421181801031953e-09,3.4306021558045567e-10,1.7454761577089584e-10,3.5929151088161045e-11,1.5665090406283153e-10,4.714935061681136e-09,7.230054716886491e-11,1.8663404974607112e-10,7.96709108040084e-11,3.296285223650464e-11,5.834490071856204e-12,3.881970819507527e-11
sub-053_ses-01_task-szMonitoring_run-02_seizure-0000,53,awake,2,2.43961359297628e-10,1.2843967149070732e-11,4.842118256942759e-12,1.4268893568853261e-11,7.1001095164391195e-12,5.439514956646551e-13,3.3397489264506837e-12,2.0175757167919177e-09,1.2947564040199621e-11,4.500472174512807e-12,1.430252491210748e-11,6.9914645714043376e-12,5.46864764299995e-13,3.300550988986722e-12
sub-017_ses-01_task-szMonitoring_run-01_seizure-0000,17,awake,2,2.2461302778609696e-10,1.90619981952766e-11,2.100833907720903e-10,3.485507589601268e-11,2.4740527610135487e-11,3.986841478360541e-12,2.137901122627455e-11,2.8188556344812153e-10,3.456595885866769e-11,7.860361390389593e-10,6.303114015236915e-11,3.6782586429868854e-11,6.857876525171052e-12,3.2277389989189075e-11
sub-112_ses-01_task-szMonitoring_run-05_seizure-0000,112,asleep,2,2.277789422278851e-09,1.2503088803408882e-11,4.0832939074716255e-12,1.1202553126524811e-11,3.5744325979598713e-12,1.9536222026496845e-13,1.1835224365105393e-12,3.8556466045028935e-10,7.142662008039161e-12,3.077056150247479e-12,7.803410225103557e-12,2.6734820429822643e-12,1.5517231441283995e-13,1.0236471617776033e-12
sub-114_ses-01_task-szMonitoring_run-10_seizure-0000,114,awake,2,1.8253117972422512e-10,8.938969942998073e-12,3.586299896543959e-12,1.0210794571206393e-11,4.6846325426922025e-12,2.9419176916545216e-13,2.0635845899820546e-12,2.164285411397803e-10,1.6490445732273093e-11,7.032638893519515e-12,2.3230170615651713e-11,1.1163485148051095e-11,7.733448947316842e-13,5.260684832808074e-12
sub-023_ses-01_task-szMonitoring_run-03_seizure-0001,23,awake,2,1.5222978648256522e-10,1.6492391325278788e-11,8.942142590207616e-12,2.0084638368813028e-11,9.456578414542124e-12,6.621228535843891e-13,4.643869161594682e-12,1.4528567815696124e-10,1.1861123376860835e-11,7.074076516263013e-12,1.4802702998731935e-11,7.96398048655811e-12,6.339905473774198e-13,4.3305279609263714e-12
sub-040_ses-01_task-szMonitoring_run-05_seizure-0001,40,awake,2,3.792321387885865e-10,1.6077431259596406e-11,2.581775632446298e-11,2.2894200931295774e-11,1.2858337538227669e-11,9.900712434401721e-13,6.35033090048271e-12,8.566044078712577e-10,6.655978816502022e-12,3.0617707479640124e-11,9.854872735524453e-12,5.564941901297574e-12,4.84154077656283e-13,3.0092487399045474e-12
sub-099_ses-01_task-szMonitoring_run-01_seizure-0001,99,asleep,2,1.3158977713436895e-10,5.113078671519906e-12,7.382218333541896e-11,7.606477699205363e-12,3.7711502624824805e-12,3.511468373915043e-13,2.131867250204245e-12,9.529338198239262e-11,2.908026644127327e-12,7.66429523302014e-11,4.067807284443508e-12,1.967690877069891e-12,2.0949473175822204e-13,1.1814995741321035e-12
sub-024_ses-01_task-szMonitoring_run-01_seizure-0002,24,awake,2,4.176796392697933e-10,1.0741136507525512e-11,9.579191261814095e-12,1.6405445378425374e-11,9.451221077965085e-12,2.217386964782638e-12,6.6000445931830956e-12,2.548234835584049e-10,8.316616198050915e-12,5.937035121362134e-12,1.1697978438165729e-11,6.524498107570392e-12,1.1139444533910404e-12,4.072750429229795e-12
sub-114_ses-01_task-szMonitoring_run-06_seizure-0000,114,awake,2,1.6479941029877735e-10,1.3437307755110908e-11,5.285052041826325e-12,1.6409273098049655e-11,7.626122580662368e-12,4.73106688073677e-13,3.26032167502447e-12,1.0846752918354975e-10,6.926474513698577e-12,2.702150597253204e-12,8.393413769865097e-12,4.130657302590871e-12,2.8178187488271005e-13,1.9128857603999156e-12
sub-006_ses-01_task-szMonitoring_run-01_seizure-0000,6,awake,2,2.191982317475437e-10,1.4541926316359092e-11,6.0436529035546524e-12,1.7407953482133024e-11,7.878842071619175e-12,5.917523499289652e-13,4.029068151256874e-12,2.4942817433255817e-10,1.285997148365466e-11,5.323901801157369e-12,1.7099425540154952e-11,9.237056287700347e-12,6.683529143063302e-13,4.699238825298108e-12
sub-065_ses-01_task-szMonitoring_run-03_seizure-0000,65,un,2,5.070349005223919e-09,1.233507281773635e-11,5.091125710304485e-12,1.930600942447655e-11,1.182682160011802e-11,9.768463544399517e-13,6.684291377342938e-12,1.557703575692674e-08,5.1628540511621454e-12,2.144977568203537e-12,8.57098210900107e-12,4.7128148487930275e-12,3.967608933167383e-13,2.9264083447273134e-12
sub-106_ses-01_task-szMonitoring_run-01_seizure-0001,106,awake,2,7.872849025710138e-10,2.7782675717068358e-11,2.5710630928838896e-11,3.9859375997749546e-11,2.1553242806617268e-11,4.943817301403079e-12,1.559902322814805e-11,8.749143957736418e-10,7.631205279058747e-11,3.77117355553575e-11,7.928224704131838e-11,2.761064140794629e-11,3.971550122815607e-12,1.3749280726442062e-11
sub-066_ses-01_task-szMonitoring_run-09_seizure-0000,66,un,2,1.5232759319857306e-10,1.2324674221677295e-11,5.205497594272852e-12,1.8539512845586432e-11,1.0278270103050424e-11,8.707836002319802e-13,5.4763606398127435e-12,2.813665427907125e-10,1.635949423666528e-11,7.266987406246006e-12,2.766551379080103e-11,1.459644197345749e-11,1.2038332364111342e-12,8.653084012079823e-12
sub-012_ses-01_task-szMonitoring_run-03_seizure-0000,12,awake,2,3.229013880338336e-10,1.829465838624287e-11,9.990482619759558e-12,2.4250713677561345e-11,1.1728713795043368e-11,7.898735314717085e-13,5.56531580414086e-12,4.855648764576707e-10,4.543901753940501e-11,1.9376328689943505e-11,4.589614638000067e-11,1.667149189710285e-11,8.270745778226208e-13,5.531013424765047e-12
sub-007_ses-01_task-szMonitoring_run-03_seizure-0000,7,awake,2,3.17257631474143e-10,1.1754010071671384e-11,5.054211146798464e-12,1.495842156801823e-11,6.826334385314242e-12,4.0340334022387156e-13,2.680020662924739e-12,7.696741875934498e-10,4.3631923080371376e-11,1.6506704021041174e-11,5.2169639546660264e-11,2.1182341178055615e-11,1.5537403112764674e-12,9.88891653576796e-12
sub-071_ses-01_task-szMonitoring_run-05_seizure-0000,71,awake,2,1.1316991787208306e-10,3.214395467871764e-12,1.3375698786090785e-12,4.5752963292655135e-12,2.3501021041945887e-12,1.7519090128058262e-13,1.2128678497884843e-12,1.2940635322898066e-10,1.8053219825303253e-12,6.736185222933431e-13,2.6402978638659227e-12,1.3309155334883017e-12,1.0802729539875165e-13,7.182005356340043e-13
sub-046_ses-01_task-szMonitoring_run-01_seizure-0004,46,asleep,2,3.6596942610928575e-10,1.5478206115246128e-12,8.266786956768286e-11,2.43501693822969e-12,9.372256398936603e-13,1.1280203803782686e-13,4.3665272270228817e-13,1.6882642108911454e-10,5.057421201156356e-12,1.2107785588536561e-11,6.026514045942119e-12,2.539676516722311e-12,1.627722448735168e-13,9.277343296930912e-13
sub-118_ses-01_task-szMonitoring_run-03_seizure-0000,118,awake,2,1.9477164705092365e-09,2.7361395080110068e-11,9.074935660589421e-12,1.9636613503460875e-11,1.444001893364099e-11,2.182937483531667e-12,1.276794978731065e-11,1.0005193273442224e-10,3.2988534184281694e-12,1.4167901146791489e-12,4.954633041418001e-12,2.45389420689574e-12,2.3869357375072454e-13,1.6255190988585217e-12
sub-033_ses-01_task-szMonitoring_run-12_seizure-0000,33,awake,2,4.953875950352316e-10,6.446514168700161e-11,2.6805939150496702e-11,1.0060555223864294e-10,5.855492258154264e-11,4.896355352778193e-12,3.2568278517151475e-11,2.918556552302723e-10,2.872665504881131e-11,1.1561854819121236e-11,3.832479443716082e-11,1.996424581037825e-11,1.235636947289727e-12,8.55528457155199e-12
sub-026_ses-01_task-szMonitoring_run-06_seizure-0000,26,awake,2,1.5270002591683185e-10,8.350006161413444e-12,4.535544761544216e-12,1.780488062862683e-11,1.1936008572165805e-11,9.17956736622404e-13,7.257828615958425e-12,2.505950918838617e-10,1.6394362099612804e-11,7.276538060038644e-12,3.285518480486468e-11,2.2303864972608652e-11,1.5157624551930494e-12,1.2250906521305434e-11
sub-062_ses-01_task-szMonitoring_run-02_seizure-0000,62,asleep,2,1.0846366595927747e-10,2.425448942197433e-13,9.362498818193534e-14,3.139038927939862e-13,1.7382534735385742e-13,1.5894126785601418e-14,1.1522059169437018e-13,4.251206570395972e-11,2.6037714539054555e-13,1.0149417437547275e-13,3.303485580014362e-13,1.8761102540415667e-13,1.8254655357055497e-14,1.3787596362868119e-13
sub-025_ses-01_task-szMonitoring_run-04_seizure-0000,25,awake,2,8.058667009945994e-09,1.7818807377045613e-10,8.091597573015195e-11,2.770145683572198e-10,1.4999227232711326e-10,1.2794813742821052e-11,8.960455725272033e-11,7.614810748865463e-10,2.180170040358492e-11,1.356180642701106e-10,3.432315259709878e-11,1.9738583250472297e-11,1.7470634251543277e-12,1.0131548222825438e-11
sub-031_ses-01_task-szMonitoring_run-03_seizure-0005,31,asleep,2,1.0736849211026685e-10,1.9389051849262052e-12,1.93797681628162e-12,4.167540436764501e-12,2.0087816924238346e-12,1.3711054940742056e-13,7.962394237216931e-13,9.850516408687624e-11,6.731717299426662e-13,1.209688722551837e-12,9.033877508953493e-13,4.932198112998188e-13,4.514955171364914e-14,2.555733318504174e-13
sub-066_ses-01_task-szMonitoring_run-14_seizure-0000,66,awake,2,4.3567704431083815e-10,3.915875343976158e-12,2.0996508990692093e-12,5.452937628544913e-12,2.809086529650707e-12,2.8207164936469977e-13,1.5375346477735592e-12,1.4601128754102885e-09,4.20992913754609e-12,2.3329935957839616e-12,6.4142909680456824e-12,3.9825355630088194e-12,2.8701871003887897e-13,2.0137202099543013e-12
sub-103_ses-01_task-szMonitoring_run-01_seizure-0000,103,un,2,4.642965078338002e-10,7.089185471500448e-11,2.8290385557807756e-11,8.793056580273906e-11,4.1685140621727017e-11,2.761026444909962e-12,1.8353882294319546e-11,1.0093783488367844e-08,2.0573603162588458e-10,9.164265060373245e-11,3.5027669065410697e-10,2.1076203620778019e-10,3.677289255761185e-11,1.9158892844771407e-10
sub-071_ses-01_task-szMonitoring_run-12_seizure-0000,71,awake,2,1.605507508941246e-10,1.6572937211139324e-12,7.594673370597339e-13,2.360722498622814e-12,9.876104649991394e-13,5.416589621486271e-14,3.59232069371772e-13,7.702734794715093e-11,9.263474121071465e-13,3.8477970362581856e-13,1.4018868597694112e-12,7.64105237984809e-13,5.0924960194653425e-14,3.3542328769210036e-13
sub-008_ses-01_task-szMonitoring_run-09_seizure-0000,8,awake,2,7.770966633398986e-10,7.464814363756537e-11,4.091770168161184e-11,9.892501368593957e-11,4.863753537244412e-11,3.1716994149532965e-12,2.1484267019583773e-11,4.988646379904707e-10,4.804982548063899e-11,2.655164809870027e-11,7.202339009674921e-11,4.141942300153713e-11,2.76256878693056e-12,1.9782128261860902e-11
sub-050_ses-01_task-szMonitoring_run-05_seizure-0000,50,awake,2,1.4896269580436935e-09,3.8682053459672194e-11,3.890354825149209e-11,3.3323389720476613e-11,2.3150718726933686e-11,2.580576360256068e-12,1.7074934604065703e-11,8.181796222656989e-10,1.2960711336605687e-11,2.891257554058014e-11,1.714650807786772e-11,9.927221374814166e-12,1.1554093260992837e-12,6.624078745700164e-12
sub-098_ses-01_task-szMonitoring_run-03_seizure-0000,98,asleep,2,2.210637407964622e-11,2.7549170797020104e-13,3.8160147636475113e-13,3.3541695185469297e-13,1.8039022603174765e-13,2.3882949663912173e-14,1.2296772598474318e-13,1.0208036608070286e-10,4.964331673477151e-13,4.4168489448967445e-13,6.452737881614397e-13,3.429415270330387e-13,2.797560170052582e-14,1.9292795055401325e-13
sub-031_ses-01_task-szMonitoring_run-03_seizure-0004,31,awake,2,1.3299019085195696e-10,4.9793977108645705e-12,4.091999977242844e-12,7.578073889638675e-12,3.4742115195944224e-12,2.5537005044670826e-13,1.7312017886609326e-12,2.1568289162883487e-10,6.757774464811623e-12,3.3865376753861545e-12,7.943205740033788e-12,3.687479468529248e-12,2.7023421580809834e-13,1.8475333507619135e-12
sub-009_ses-01_task-szMonitoring_run-09_seizure-0000,9,awake,2,3.153069216434939e-10,1.9959653949206224e-11,6.982495899708848e-12,1.8471391455729517e-11,7.810076153406854e-12,5.469796442338844e-13,3.786470755353855e-12,7.182871647590302e-10,2.6300990669220547e-11,1.0308672203673194e-11,3.068478732918395e-11,1.4025665587546412e-11,1.0626997680003974e-12,7.304983270761669e-12
sub-063_ses-01_task-szMonitoring_run-04_seizure-0001,63,awake,2,1.427223357837238e-09,4.699488376750342e-12,1.945283839571914e-12,6.3809960944687456e-12,3.223138853923985e-12,2.0663724077299832e-13,1.2643693307753682e-12,1.95836307641758e-09,1.0754061668338436e-11,4.660722246733468e-12,1.5859350473658486e-11,7.314516607933578e-12,4.797832961466534e-13,2.893339940124961e-12
sub-056_ses-01_task-szMonitoring_run-02_seizure-0001,56,asleep,2,2.21841625807482e-10,2.2829054474218196e-12,9.080164768467237e-13,3.0020510279564335e-12,1.6601865804642134e-12,1.339907829604421e-13,8.088191202607063e-13,3.2430804411138775e-10,4.258739394001328e-12,1.679870892604727e-12,5.6488857490140614e-12,3.30791116422083e-12,2.6579953402020886e-13,1.6263849642279874e-12
sub-099_ses-01_task-szMonitoring_run-01_seizure-0000,99,asleep,2,7.883123137939699e-11,4.326735098625464e-12,1.567089681425522e-11,6.116537840788545e-12,3.241644843860177e-12,2.6655111982790373e-13,1.774612765300406e-12,1.8532269085471764e-10,2.0200655247556806e-11,1.51597501227699e-11,2.7131075272996745e-11,1.2098611923656595e-11,8.555333082505606e-13,5.900618545568727e-12
sub-053_ses-01_task-szMonitoring_run-03_seizure-0000,53,awake,2,1.6131970641544975e-10,3.8413175612094034e-12,1.4863679450220173e-12,5.014735210195013e-12,2.331922426206342e-12,1.6662868792390494e-13,9.981111844916295e-13,1.985375966123832e-10,4.539066559479909e-12,1.7713158774913394e-12,5.436082285416227e-12,2.976309001515013e-12,2.389228443861027e-13,1.4721570998658703e-12
sub-054_ses-01_task-szMonitoring_run-04_seizure-0000,54,awake,2,1.1829699908050821e-09,1.4410335130842326e-11,5.325850901117103e-12,1.5068719169398767e-11,7.336426717684938e-12,5.764423892949339e-13,3.392479305446021e-12,1.3042916978816715e-09,2.822606183793556e-11,1.079457599757652e-11,2.9153862349868936e-11,1.2507616309324634e-11,9.505764704143926e-13,5.648840290483649e-12
sub-106_ses-01_task-szMonitoring_run-01_seizure-0000,106,awake,2,2.4106968875072984e-10,1.0122306033638485e-11,1.1453327346433531e-11,1.1304096545716643e-11,4.424859319006861e-12,2.8518295992530613e-13,1.8371424015816693e-12,7.735257607981238e-10,3.1694970707889655e-11,1.3952683782033499e-11,4.777308885290329e-11,2.805408790193319e-11,2.6742431176631547e-12,1.748544318290969e-11
sub-022_ses-01_task-szMonitoring_run-04_seizure-0001,22,awake,2,5.96973264361576e-10,2.2429017218227702e-11,8.966074832795944e-12,2.4803498767117552e-11,7.140385949901059e-12,3.0933938396337674e-13,2.1617214508649945e-12,6.292649125810369e-10,3.623639387750562e-11,1.6453440833599183e-11,5.042871160547111e-11,1.7514011201233476e-11,8.82621763188469e-13,6.019952748758154e-12
sub-115_ses-01_task-szMonitoring_run-52_seizure-0000,115,asleep,2,1.33271136090766e-08,3.9985418353608804e-11,2.5007820026150295e-11,5.412957266640706e-11,2.1409080666003206e-11,4.6699067785506764e-12,3.213921578276387e-11,3.3583916872751253e-11,2.0761526795711666e-13,8.448081321635982e-14,2.7851971601637027e-13,1.66242548464405e-13,1.6140201974151975e-14,1.1193072470733548e-13
sub-025_ses-01_task-szMonitoring_run-03_seizure-0000,25,awake,2,4.098714553284157e-09,1.164467780228766e-10,5.250214249766581e-11,1.840222428609439e-10,9.503533328241875e-11,6.6317452476478376e-12,4.4875378294019544e-11,1.8318723847974944e-10,2.2675352251501433e-11,9.474411063901112e-12,3.529805340731287e-11,2.0258611059801826e-11,1.5639392159999157e-12,1.0823331204012445e-11
sub-039_ses-01_task-szMonitoring_run-04_seizure-0020,39,asleep,2,2.9745512846579885e-10,1.0671577159147948e-11,5.5553287068036255e-12,1.493350582770481e-11,7.298839944203418e-12,4.703008857534993e-13,2.9628648289622623e-12,3.3253778840495657e-10,1.1764871851277897e-11,4.938738980924288e-12,1.4819764265034193e-11,7.545288933348334e-12,4.995938242686245e-13,3.4184880855754024e-12
sub-020_ses-01_task-szMonitoring_run-05_seizure-0002,20,awake,2,6.836678809794009e-10,4.225163515803206e-11,8.198952373550633e-11,5.903126732921728e-11,3.086535024028175e-11,2.2693003315032106e-12,1.4792229619581387e-11,2.9025001009789134e-10,2.1571591507013297e-11,9.342511627503535e-12,3.2038415577653305e-11,1.8505827625727784e-11,1.4368333877061533e-12,9.776646339125679e-12
sub-002_ses-01_task-szMonitoring_run-02_seizure-0001,2,awake,2,5.463958541080705e-10,9.850594277577105e-12,4.750387448666903e-12,1.5189632547993645e-11,8.080632309574788e-12,7.252235774245396e-13,5.226487395907803e-12,4.525772419549023e-10,1.746865453014312e-11,6.84618431500107e-12,1.9433760404283617e-11,9.615439411432049e-12,7.521760838637306e-13,5.044118617738636e-12
sub-005_ses-01_task-szMonitoring_run-22_seizure-0000,5,awake,2,3.5428333799307644e-10,3.762235131908772e-11,1.835707349450627e-11,5.790933375761421e-11,4.032243406780231e-11,3.3699644196288506e-12,2.42552847241865e-11,2.8597559456551997e-10,2.023536174801777e-11,1.947176203478218e-11,3.3078266447020796e-11,1.8237444686782088e-11,1.3184678235113933e-12,8.927956007728931e-12
sub-101_ses-01_task-szMonitoring_run-01_seizure-0000,101,awake,2,6.2898277920725e-10,1.2568017679182916e-10,6.385779031190784e-11,1.9108544348546617e-10,1.06857818648002e-10,7.1997853576744845e-12,4.946744715560992e-11,9.276369482036755e-10,2.1744704029912082e-10,1.0193185806469706e-10,3.3120922548746917e-10,1.8202819331316916e-10,1.0704815520867731e-11,7.17104328966559e-11
sub-004_ses-01_task-szMonitoring_run-01_seizure-0002,4,awake,2,1.709910209209681e-10,1.1412606528825087e-11,4.699490895373335e-12,1.4743778124916834e-11,7.360597033884151e-12,4.821185899581386e-13,3.316730726868199e-12,2.2682253387930827e-10,1.8211613007553615e-11,7.440322652851532e-12,2.248156373303954e-11,1.1155966114633324e-11,7.584919876321547e-13,5.02376244836558e-12
sub-074_ses-01_task-szMonitoring_run-02_seizure-0000,74,awake,2,3.250076539769565e-11,1.0883669394734122e-12,4.140758236373528e-13,1.2552557147068391e-12,6.022918582545818e-13,4.524633214790025e-14,3.1621071119811584e-13,5.6952058915523715e-11,1.3804472463169667e-12,3.788198011526768e-13,1.2916179783364424e-12,5.528060000891755e-13,3.8764109525177864e-14,2.8666579172920415e-13
sub-021_ses-01_task-szMonitoring_run-04_seizure-0003,21,asleep,2,2.3720062276428607e-10,4.7699016775369765e-12,3.59819705760792e-12,6.404716213014096e-12,3.5350511849377328e-12,3.021564664231378e-13,2.021401472242267e-12,2.408386409062388e-10,3.055986397901175e-12,3.5943306188100847e-12,4.1671021637652365e-12,2.290431495340678e-12,1.7757472070013052e-13,1.221658701257672e-12
sub-102_ses-01_task-szMonitoring_run-01_seizure-0001,102,awake,2,1.1134857308698256e-10,7.727086274551506e-12,4.275042355156193e-12,1.2027257989557946e-11,7.1149370371832244e-12,4.925697899807495e-13,3.376782889515613e-12,1.612753057084833e-10,5.475858676278036e-12,3.133095653854497e-12,9.091552998074917e-12,5.861184381705419e-12,4.2875956982425496e-13,3.3465392696664686e-12
sub-076_ses-01_task-szMonitoring_run-16_seizure-0000,76,awake,2,1.583247449926391e-08,7.566011092479051e-11,2.572078868950916e-11,1.0935232340451191e-10,7.165756444347978e-11,1.1993158863798825e-11,9.359206390520729e-11,9.980362109575276e-10,1.9239228342662887e-11,6.948173273212011e-12,1.968674079749971e-11,8.8050111224171e-12,5.767105880568231e-13,3.9192557698722205e-12
sub-041_ses-01_task-szMonitoring_run-01_seizure-0000,41,awake,2,1.887702916592677e-10,5.3333457823743306e-12,3.779849561556752e-12,7.868929529205848e-12,4.471419705977523e-12,3.7007899873643305e-13,2.483297524655675e-12,3.196825219606542e-10,1.673160743909072e-11,8.694159212254899e-12,2.8798061655074014e-11,1.4799596126316705e-11,1.1475205741883592e-12,7.891961697377222e-12
sub-012_ses-01_task-szMonitoring_run-03_seizure-0001,12,awake,2,4.78385149037684e-10,2.7989161399096647e-11,3.362211775363754e-11,3.2226992928217115e-11,1.4395563778664212e-11,9.432083738169314e-13,6.181410876598707e-12,2.104807657248783e-10,4.384328784822846e-12,1.925651108551016e-11,5.981531863374109e-12,3.1159841512101254e-12,2.5740929649411045e-13,1.7165686373904158e-12
sub-015_ses-01_task-szMonitoring_run-04_seizure-0000,15,asleep,2,4.785091464822506e-10,1.5019381363211066e-11,3.0215948964414305e-10,2.5475449585051585e-11,1.3855125684582407e-11,2.144424463542273e-12,1.1908109237771915e-11,6.917383989995007e-10,1.829519061410762e-11,3.425019832655013e-10,2.9056187639821328e-11,1.5318936715485434e-11,2.1956920801143453e-12,1.2405613678619465e-11
