tag,architecture,parameters,history_min,sop_min,chunks,seizures,decisions,prevalence,ap,ap_over_chance,auc,brier,sens_at_1ph,sens_ci_low,sens_ci_high,detected_at_1ph,auc_fold_std,sens_asleep,n_asleep,sens_awake,n_awake,sens_un,n_un
spectral-gru__large__h45__sop10,spectral-gru,37258.0,45.0,10.0,540.0,286,446020,0.006309134119546209,0.0073140830211356695,1.159284758026628,0.559037604099388,0.10935191460949817,0.055944055944055944,0.03146853146853147,0.08391608391608392,16,0.04902623857506482,0.038834951456310676,103.0,0.06976744186046512,172.0,0.0,11.0
spectral-gru__large__h45__sop30,spectral-gru,37258.0,45.0,30.0,540.0,286,446020,0.018788395139231424,0.021222241704572258,1.1295398860469354,0.5470212376908125,0.07524680086635614,0.08391608391608392,0.055944055944055944,0.1154720279720275,24,0.037200497528862994,0.07766990291262135,103.0,0.08139534883720931,172.0,0.18181818181818182,11.0
logistic-mean__small__h5__sop10,logistic-mean,91.0,5.0,10.0,60.0,286,446020,0.006309134119546209,0.007126035782687415,1.1294792039069796,0.5295676114980534,0.24304223386353913,0.0979020979020979,0.06293706293706294,0.13286713286713286,28,0.03926217642155624,0.0970873786407767,103.0,0.0872093023255814,172.0,0.2727272727272727,11.0
logistic-mean__small__h15__sop10,logistic-mean,91.0,15.0,10.0,180.0,286,446020,0.006309134119546209,0.007120881579412226,1.1286622608562333,0.5321538048661723,0.24018968877140945,0.03496503496503497,0.013986013986013986,0.05944055944055944,10,0.056405527846067505,0.06796116504854369,103.0,0.01744186046511628,172.0,0.0,11.0
spectral-meanpool__small__h5__sop10,spectral-meanpool,1546.0,5.0,10.0,60.0,286,446020,0.006309134119546209,0.00711377058551123,1.1275351657959198,0.5389084510480993,0.21219003251431903,0.07692307692307693,0.045454545454545456,0.10839160839160839,22,0.021262624882173436,0.0970873786407767,103.0,0.06976744186046512,172.0,0.0,11.0
spectral-meanpool__small__h45__sop30,spectral-meanpool,1546.0,45.0,30.0,540.0,286,446020,0.018788395139231424,0.02090757327746591,1.112791865538824,0.5211314393713821,0.18818744449834882,0.04895104895104895,0.027972027972027972,0.07351398601398554,14,0.025447471282432167,0.05825242718446602,103.0,0.040697674418604654,172.0,0.09090909090909091,11.0
spectral-attention__small__h15__sop30,spectral-attention,2827.0,15.0,30.0,180.0,286,446020,0.018788395139231424,0.02068152771604405,1.1007607388914042,0.5230019615680024,0.18262676925462668,0.13986013986013987,0.10139860139860139,0.17832167832167833,40,0.03564801684671451,0.18446601941747573,103.0,0.11627906976744186,172.0,0.09090909090909091,11.0
spectral-gru__large__h15__sop30,spectral-gru,37258.0,15.0,30.0,180.0,286,446020,0.018788395139231424,0.02063505193272472,1.0982870958274318,0.5200440103285598,0.13027844402858468,0.15384615384615385,0.11188811188811189,0.1958041958041958,44,0.031305063878351934,0.22330097087378642,103.0,0.11046511627906977,172.0,0.18181818181818182,11.0
spectral-gru__small__h45__sop30,spectral-gru,3178.0,45.0,30.0,540.0,286,446020,0.018788395139231424,0.020536007104015992,1.0930154998249657,0.5331317496982623,0.1758326592197516,0.11538461538461539,0.08041958041958042,0.15034965034965034,33,0.03335088548133555,0.06796116504854369,103.0,0.1511627906976744,172.0,0.0,11.0
logistic-mean__small__h5__sop30,logistic-mean,91.0,5.0,30.0,60.0,286,446020,0.018788395139231424,0.020515792414119827,1.0919395862226402,0.521773198004528,0.24981107844491265,0.18181818181818182,0.13986013986013987,0.23076923076923078,52,0.04239131638841607,0.18446601941747573,103.0,0.18023255813953487,172.0,0.18181818181818182,11.0
spectral-attention__large__h5__sop10,spectral-attention,17035.0,5.0,10.0,60.0,286,446020,0.006309134119546209,0.006874288534067191,1.0895771755382546,0.5043734951130023,0.17228761772367934,0.10139860139860139,0.06993006993006994,0.13636363636363635,29,0.01801850455808722,0.13592233009708737,103.0,0.08139534883720931,172.0,0.09090909090909091,11.0
spectral-gru__small__h5__sop10,spectral-gru,3178.0,5.0,10.0,60.0,286,446020,0.006309134119546209,0.006869757779445772,1.0888590493206833,0.5225437419108216,0.18714087385505818,0.0944055944055944,0.06293706293706294,0.12937062937062938,27,0.026530619154892795,0.13592233009708737,103.0,0.0755813953488372,172.0,0.0,11.0
spectral-meanpool__large__h5__sop10,spectral-meanpool,12298.0,5.0,10.0,60.0,286,446020,0.006309134119546209,0.006840742304572999,1.084260086242235,0.5221231752790879,0.22169565224450882,0.10839160839160839,0.07342657342657342,0.14344405594405546,31,0.020333330157559445,0.14563106796116504,103.0,0.0872093023255814,172.0,0.09090909090909091,11.0
spectral-attention__small__h5__sop10,spectral-attention,2827.0,5.0,10.0,60.0,286,446020,0.006309134119546209,0.006834135512821881,1.0832129074018533,0.5134154604053662,0.20815618110786172,0.09090909090909091,0.05944055944055944,0.1258741258741259,26,0.024221466746382224,0.1262135922330097,103.0,0.0755813953488372,172.0,0.0,11.0
spectral-meanpool__large__h45__sop30,spectral-meanpool,12298.0,45.0,30.0,540.0,286,446020,0.018788395139231424,0.02034588966086387,1.0828966236919455,0.5456617433733855,0.18232801318358216,0.02097902097902098,0.006993006993006993,0.038461538461538464,6,0.02054767824007556,0.009708737864077669,103.0,0.029069767441860465,172.0,0.0,11.0
spectral-attention__small__h45__sop30,spectral-attention,2827.0,45.0,30.0,540.0,286,446020,0.018788395139231424,0.020095536945304245,1.069571764718926,0.5171894358960263,0.1896487096058461,0.07342657342657342,0.045454545454545456,0.1048951048951049,21,0.05580477791883776,0.06796116504854369,103.0,0.08139534883720931,172.0,0.0,11.0
logistic-mean__small__h15__sop30,logistic-mean,91.0,15.0,30.0,180.0,286,446020,0.018788395139231424,0.019463338411918087,1.0359234127068861,0.5120339606566268,0.25189196019182675,0.08391608391608392,0.055944055944055944,0.11888111888111888,24,0.057808433401513704,0.06796116504854369,103.0,0.09883720930232558,172.0,0.0,11.0
spectral-attention__large__h15__sop10,spectral-attention,17035.0,15.0,10.0,180.0,286,446020,0.006309134119546209,0.006438937021671569,1.0205738061144112,0.5155853707999131,0.15845471893672583,0.04195804195804196,0.02097902097902098,0.06643356643356643,12,0.030487951515084988,0.02912621359223301,103.0,0.046511627906976744,172.0,0.09090909090909091,11.0
spectral-meanpool__small__h45__sop10,spectral-meanpool,1546.0,45.0,10.0,540.0,286,446020,0.006309134119546209,0.006435435565609952,1.0200188240843464,0.507228334584811,0.21470759099414657,0.024475524475524476,0.006993006993006993,0.045454545454545456,7,0.0239600428736637,0.019417475728155338,103.0,0.023255813953488372,172.0,0.09090909090909091,11.0
spectral-gru__large__h5__sop10,spectral-gru,37258.0,5.0,10.0,60.0,286,446020,0.006309134119546209,0.006418818265262872,1.0173849760741103,0.5077959828345266,0.19557342045851772,0.0944055944055944,0.06293706293706294,0.12937062937062938,27,0.0284078403473049,0.1262135922330097,103.0,0.0755813953488372,172.0,0.09090909090909091,11.0
spectral-attention__small__h45__sop10,spectral-attention,2827.0,45.0,10.0,540.0,286,446020,0.006309134119546209,0.006390470976773834,1.0128919207749345,0.5109256150686061,0.24359816384829722,0.038461538461538464,0.017482517482517484,0.06293706293706294,11,0.0407711243754531,0.02912621359223301,103.0,0.046511627906976744,172.0,0.0,11.0
spectral-meanpool__large__h5__sop30,spectral-meanpool,12298.0,5.0,30.0,60.0,286,446020,0.018788395139231424,0.018973177464850086,1.0098349180038706,0.5040246305634976,0.2137800384615306,0.15034965034965034,0.11188811188811189,0.19239510489510442,43,0.02159925812381689,0.20388349514563106,103.0,0.12209302325581395,172.0,0.09090909090909091,11.0
spectral-gru__small__h5__sop30,spectral-gru,3178.0,5.0,30.0,60.0,286,446020,0.018788395139231424,0.01897129046740512,1.009734483803345,0.5027517889127168,0.21457664068934784,0.1258741258741259,0.09090909090909091,0.16433566433566432,36,0.014798617598494304,0.1553398058252427,103.0,0.11046511627906977,172.0,0.09090909090909091,11.0
spectral-gru__small__h15__sop30,spectral-gru,3178.0,15.0,30.0,180.0,286,446020,0.018788395139231424,0.01892568342162447,1.0073070787246952,0.5115927068356878,0.19800079744300633,0.08041958041958042,0.05244755244755245,0.11188811188811189,23,0.0239286322945166,0.0970873786407767,103.0,0.06395348837209303,172.0,0.18181818181818182,11.0
spectral-gru__large__h5__sop30,spectral-gru,37258.0,5.0,30.0,60.0,286,446020,0.018788395139231424,0.018887152082494613,1.0052562734885737,0.4927584910298871,0.19124807362997992,0.20279720279720279,0.15734265734265734,0.2517482517482518,58,0.03300248377552647,0.24271844660194175,103.0,0.19186046511627908,172.0,0.0,11.0
spectral-attention__large__h15__sop30,spectral-attention,17035.0,15.0,30.0,180.0,286,446020,0.018788395139231424,0.01878911437814504,1.0000382810191228,0.4903966733372903,0.14297305452986803,0.15734265734265734,0.11538461538461539,0.20279720279720279,45,0.02498511642250827,0.1553398058252427,103.0,0.1686046511627907,172.0,0.0,11.0
spectral-meanpool__small__h15__sop30,spectral-meanpool,1546.0,15.0,30.0,180.0,286,446020,0.018788395139231424,0.018774315564183283,0.9992506238588339,0.5016124399005819,0.20191319266266222,0.07692307692307693,0.04895104895104895,0.11188811188811189,22,0.022088397787103604,0.08737864077669903,103.0,0.06976744186046512,172.0,0.09090909090909091,11.0
spectral-meanpool__small__h15__sop10,spectral-meanpool,1546.0,15.0,10.0,180.0,286,446020,0.006309134119546209,0.006296421444208429,0.9979850364413089,0.485300245156583,0.18505119169292153,0.06293706293706294,0.03496503496503497,0.09090909090909091,18,0.018858977494430475,0.08737864077669903,103.0,0.040697674418604654,172.0,0.18181818181818182,11.0
spectral-attention__large__h5__sop30,spectral-attention,17035.0,5.0,30.0,60.0,286,446020,0.018788395139231424,0.0186346765740038,0.9918184302550327,0.4922704333658575,0.2026319690668919,0.21328671328671328,0.16433566433566432,0.26223776223776224,61,0.017875365732717405,0.23300970873786409,103.0,0.21511627906976744,172.0,0.0,11.0
spectral-gru__large__h15__sop10,spectral-gru,37258.0,15.0,10.0,180.0,286,446020,0.006309134119546209,0.006226327587234182,0.9868751352019153,0.4838012574597751,0.1495945973549777,0.0979020979020979,0.06643356643356643,0.13636363636363635,28,0.022507397805661616,0.07766990291262135,103.0,0.11046511627906977,172.0,0.09090909090909091,11.0
spectral-attention__small__h15__sop10,spectral-attention,2827.0,15.0,10.0,180.0,286,446020,0.006309134119546209,0.006212511733734638,0.9846853175125526,0.4970601404374056,0.20076500274666287,0.05244755244755245,0.027972027972027972,0.08041958041958042,15,0.05441311888216685,0.06796116504854369,103.0,0.023255813953488372,172.0,0.36363636363636365,11.0
spectral-meanpool__large__h15__sop30,spectral-meanpool,12298.0,15.0,30.0,180.0,286,446020,0.018788395139231424,0.018429675654689965,0.9809073908716966,0.500434264990198,0.20813446794843024,0.08741258741258741,0.055944055944055944,0.12237762237762238,25,0.02158544732551107,0.0970873786407767,103.0,0.0755813953488372,172.0,0.18181818181818182,11.0
spectral,spectral-attention,,,,,286,446020,0.006309134119546209,0.006180191987074288,0.9795626261815471,0.4858896219967259,0.24723363168028425,0.03146853146853147,0.013898601398601404,0.05244755244755245,9,0.028971684430711766,,,,,,
logistic-mean__small__h45__sop30,logistic-mean,91.0,45.0,30.0,540.0,286,446020,0.018788395139231424,0.018316884737607245,0.9749041683374204,0.4817791547754838,0.24173297138186,0.06293706293706294,0.03496503496503497,0.09090909090909091,18,0.04540835124714643,0.06796116504854369,103.0,0.05813953488372093,172.0,0.09090909090909091,11.0
linear,logistic-mean,,,,,286,446020,0.006309134119546209,0.006141859528035602,0.9734869178018617,0.48433583795318147,0.24009841944799595,0.024475524475524476,0.006993006993006993,0.04195804195804196,7,0.0661104062545597,,,,,,
logistic-mean__small__h45__sop10,logistic-mean,91.0,45.0,10.0,540.0,286,446020,0.006309134119546209,0.006141859528035602,0.9734869178018617,0.48433583795318147,0.24009841944799595,0.024475524475524476,0.006993006993006993,0.04195804195804196,7,0.0661104062545597,0.019417475728155338,103.0,0.023255813953488372,172.0,0.09090909090909091,11.0
spectral-attention__small__h5__sop30,spectral-attention,2827.0,5.0,30.0,60.0,286,446020,0.018788395139231424,0.01804868611495446,0.960629472672075,0.49452085117965117,0.2007059230555285,0.10839160839160839,0.07342657342657342,0.14685314685314685,31,0.024746779350390782,0.11650485436893204,103.0,0.11046511627906977,172.0,0.0,11.0
spectral-attention__large__h45__sop10,spectral-attention,17035.0,45.0,10.0,540.0,286,446020,0.006309134119546209,0.006059980179035158,0.9605090118881524,0.48029852441290344,0.17921535746599662,0.04195804195804196,0.02097902097902098,0.06643356643356643,12,0.03181597496553446,0.05825242718446602,103.0,0.03488372093023256,172.0,0.0,11.0
spectral-meanpool__large__h15__sop10,spectral-meanpool,12298.0,15.0,10.0,180.0,286,446020,0.006309134119546209,0.00601466572394028,0.9533266546523964,0.47450211191523556,0.22731928391912595,0.024475524475524476,0.006993006993006993,0.045454545454545456,7,0.01017726918974902,0.038834951456310676,103.0,0.01744186046511628,172.0,0.0,11.0
spectral-meanpool__large__h45__sop10,spectral-meanpool,12298.0,45.0,10.0,540.0,286,446020,0.006309134119546209,0.005996676384623364,0.9504753379778652,0.4751005423681319,0.20705151328646834,0.027972027972027972,0.01048951048951049,0.04895104895104895,8,0.01565049324068363,0.04854368932038835,103.0,0.01744186046511628,172.0,0.0,11.0
spectral-meanpool__small__h5__sop30,spectral-meanpool,1546.0,5.0,30.0,60.0,286,446020,0.018788395139231424,0.01781437104900763,0.9481582070737927,0.48538108514446876,0.23569734969503586,0.0944055944055944,0.06293706293706294,0.12937062937062938,27,0.014017792035228785,0.0970873786407767,103.0,0.09883720930232558,172.0,0.0,11.0
spectral-attention__large__h45__sop30,spectral-attention,17035.0,45.0,30.0,540.0,286,446020,0.018788395139231424,0.01778141766790714,0.9464042849928332,0.4755922876585391,0.1319963805503086,0.09090909090909091,0.05944055944055944,0.1258741258741259,26,0.025134230473277393,0.11650485436893204,103.0,0.08139534883720931,172.0,0.0,11.0
spectral-gru__small__h15__sop10,spectral-gru,3178.0,15.0,10.0,180.0,286,446020,0.006309134119546209,0.0058779996711265875,0.9316650367149539,0.46886697784442444,0.17689058819179362,0.03496503496503497,0.013986013986013986,0.05944055944055944,10,0.012559810574407646,0.04854368932038835,103.0,0.01744186046511628,172.0,0.18181818181818182,11.0
spectral-gru__small__h45__sop10,spectral-gru,3178.0,45.0,10.0,540.0,286,446020,0.006309134119546209,0.005838569178254344,0.9254152895824457,0.47782868738793954,0.15623745740002754,0.02097902097902098,0.006993006993006993,0.038461538461538464,6,0.03406872972311881,0.009708737864077669,103.0,0.029069767441860465,172.0,0.0,11.0
