rid,auc,n_ict,n_ctl,subject
sub-001_ses-01_task-szMonitoring_run-03,0.9326530612244898,14,70,1
sub-001_ses-01_task-szMonitoring_run-05,0.9866666666666666,15,75,1
sub-001_ses-01_task-szMonitoring_run-07,0.9369897959183674,28,140,1
sub-001_ses-01_task-szMonitoring_run-08,0.992,5,25,1
sub-002_ses-01_task-szMonitoring_run-01,0.7997370151216305,39,195,2
sub-002_ses-01_task-szMonitoring_run-02,0.762128418549346,58,290,2
sub-002_ses-01_task-szMonitoring_run-03,0.6839506172839506,9,45,2
sub-002_ses-01_task-szMonitoring_run-05,0.7850089232599643,41,205,2
sub-002_ses-01_task-szMonitoring_run-06,0.7863148592349452,89,445,2
sub-002_ses-01_task-szMonitoring_run-09,0.7697488750181449,83,415,2
sub-002_ses-01_task-szMonitoring_run-10,0.6951092611862644,31,155,2
sub-003_ses-01_task-szMonitoring_run-06,0.956,10,50,3
sub-004_ses-01_task-szMonitoring_run-01,0.9384999999999999,60,300,4
sub-005_ses-01_task-szMonitoring_run-22,0.794888888888889,30,150,5
sub-005_ses-01_task-szMonitoring_run-23,0.7158145065398336,29,145,5
sub-006_ses-01_task-szMonitoring_run-01,0.5,2,10,6
sub-007_ses-01_task-szMonitoring_run-03,0.9986159169550174,17,85,7
sub-008_ses-01_task-szMonitoring_run-09,0.8666666666666667,3,15,8
sub-009_ses-01_task-szMonitoring_run-09,0.8121883656509694,19,95,9
sub-010_ses-01_task-szMonitoring_run-08,0.7679012345679012,18,90,10
sub-011_ses-01_task-szMonitoring_run-02,0.984,10,50,11
sub-011_ses-01_task-szMonitoring_run-03,0.9725881096475614,53,265,11
sub-012_ses-01_task-szMonitoring_run-03,0.994674012855831,33,165,12
sub-012_ses-01_task-szMonitoring_run-05,0.9937777777777778,15,75,12
sub-013_ses-01_task-szMonitoring_run-01,0.6693877551020408,7,35,13
sub-014_ses-01_task-szMonitoring_run-01,0.8765432098765432,9,45,14
sub-014_ses-01_task-szMonitoring_run-03,0.9222222222222223,6,30,14
sub-015_ses-01_task-szMonitoring_run-01,0.8222222222222222,6,30,15
sub-015_ses-01_task-szMonitoring_run-04,0.7453124999999999,16,80,15
sub-015_ses-01_task-szMonitoring_run-06,0.8999999999999999,6,30,15
sub-015_ses-01_task-szMonitoring_run-08,0.848,5,25,15
sub-015_ses-01_task-szMonitoring_run-09,0.565680473372781,13,65,15
sub-016_ses-01_task-szMonitoring_run-02,0.7057777777777778,45,225,16
sub-016_ses-01_task-szMonitoring_run-03,0.7813846595805802,59,295,16
sub-017_ses-01_task-szMonitoring_run-01,0.891715976331361,26,130,17
sub-018_ses-01_task-szMonitoring_run-03,0.9767857142857143,28,140,18
sub-019_ses-01_task-szMonitoring_run-07,0.9375555555555555,30,150,19
sub-020_ses-01_task-szMonitoring_run-05,0.9964497041420118,13,65,20
sub-021_ses-01_task-szMonitoring_run-01,0.9741935483870967,31,155,21
sub-021_ses-01_task-szMonitoring_run-04,0.929875,40,200,21
sub-022_ses-01_task-szMonitoring_run-04,0.10390625000000002,48,240,22
sub-022_ses-01_task-szMonitoring_run-06,0.118,20,100,22
sub-022_ses-01_task-szMonitoring_run-10,0.75,8,40,22
sub-023_ses-01_task-szMonitoring_run-03,0.9375,16,80,23
sub-024_ses-01_task-szMonitoring_run-01,0.9764921946740128,33,165,24
sub-024_ses-01_task-szMonitoring_run-07,0.9914999999999999,20,100,24
sub-025_ses-01_task-szMonitoring_run-03,1.0,5,25,25
sub-025_ses-01_task-szMonitoring_run-04,0.9376,25,125,25
sub-026_ses-01_task-szMonitoring_run-03,1.0,9,45,26
sub-026_ses-01_task-szMonitoring_run-04,0.9875555555555556,15,75,26
sub-026_ses-01_task-szMonitoring_run-06,0.9640624999999999,16,80,26
sub-027_ses-01_task-szMonitoring_run-07,0.988,10,50,27
sub-028_ses-01_task-szMonitoring_run-01,0.792,5,25,28
sub-028_ses-01_task-szMonitoring_run-04,0.9723356009070294,21,105,28
sub-028_ses-01_task-szMonitoring_run-05,0.9777777777777777,9,45,28
sub-029_ses-01_task-szMonitoring_run-08,0.9605,40,200,29
sub-029_ses-01_task-szMonitoring_run-10,0.774,10,50,29
sub-030_ses-01_task-szMonitoring_run-03,0.7933827160493827,45,225,30
sub-030_ses-01_task-szMonitoring_run-04,0.7341836734693878,28,140,30
sub-030_ses-01_task-szMonitoring_run-05,0.6140589569160998,21,105,30
sub-031_ses-01_task-szMonitoring_run-03,0.9163580246913581,36,180,31
sub-033_ses-01_task-szMonitoring_run-12,0.9433106575963719,21,105,33
sub-034_ses-01_task-szMonitoring_run-01,0.7375,4,20,34
sub-034_ses-01_task-szMonitoring_run-03,0.7775147928994083,13,65,34
sub-034_ses-01_task-szMonitoring_run-07,0.8542936288088643,19,95,34
sub-034_ses-01_task-szMonitoring_run-08,0.7510204081632653,7,35,34
sub-034_ses-01_task-szMonitoring_run-09,0.9074218749999999,32,160,34
sub-035_ses-01_task-szMonitoring_run-03,0.522,20,100,35
sub-035_ses-01_task-szMonitoring_run-06,0.7777777777777778,6,30,35
sub-035_ses-01_task-szMonitoring_run-07,0.828,20,100,35
sub-035_ses-01_task-szMonitoring_run-09,0.7611111111111111,6,30,35
sub-035_ses-01_task-szMonitoring_run-11,0.9044982698961939,17,85,35
sub-035_ses-01_task-szMonitoring_run-14,0.608,5,25,35
sub-036_ses-01_task-szMonitoring_run-01,0.1890359168241966,23,115,36
sub-037_ses-01_task-szMonitoring_run-01,0.7761562769319161,59,295,37
sub-038_ses-01_task-szMonitoring_run-07,0.9799307958477509,17,85,38
sub-039_ses-01_task-szMonitoring_run-01,0.6969387755102041,14,70,39
sub-039_ses-01_task-szMonitoring_run-04,0.7964937910883857,37,185,39
sub-039_ses-01_task-szMonitoring_run-06,0.8606508875739645,26,130,39
sub-039_ses-01_task-szMonitoring_run-08,0.8,2,10,39
sub-039_ses-01_task-szMonitoring_run-09,0.8301652892561985,22,110,39
sub-040_ses-01_task-szMonitoring_run-04,0.8908093278463649,27,135,40
sub-040_ses-01_task-szMonitoring_run-05,0.9387755102040816,7,35,40
sub-041_ses-01_task-szMonitoring_run-01,0.9,2,10,41
sub-042_ses-01_task-szMonitoring_run-01,0.76,5,25,42
sub-042_ses-01_task-szMonitoring_run-04,0.2833333333333333,6,30,42
sub-042_ses-01_task-szMonitoring_run-06,0.9125,4,20,42
sub-042_ses-01_task-szMonitoring_run-07,0.42499999999999993,4,20,42
sub-042_ses-01_task-szMonitoring_run-08,0.85,8,40,42
sub-043_ses-01_task-szMonitoring_run-05,0.8,4,20,43
sub-043_ses-01_task-szMonitoring_run-06,0.7111111111111111,3,15,43
sub-043_ses-01_task-szMonitoring_run-07,0.6,2,10,43
sub-043_ses-01_task-szMonitoring_run-08,0.8968750000000001,8,40,43
sub-044_ses-01_task-szMonitoring_run-01,0.8666666666666667,3,15,44
sub-044_ses-01_task-szMonitoring_run-05,0.98448,50,250,44
sub-045_ses-01_task-szMonitoring_run-09,0.9769547325102881,27,135,45
sub-046_ses-01_task-szMonitoring_run-01,0.8906603212373587,41,205,46
sub-047_ses-01_task-szMonitoring_run-01,0.68,10,50,47
sub-047_ses-01_task-szMonitoring_run-02,0.5008310249307479,19,95,47
sub-047_ses-01_task-szMonitoring_run-03,0.608,5,25,47
sub-047_ses-01_task-szMonitoring_run-04,0.540495867768595,44,220,47
sub-047_ses-01_task-szMonitoring_run-06,0.7166666666666667,12,60,47
sub-047_ses-01_task-szMonitoring_run-07,0.43250688705234164,33,165,47
sub-048_ses-01_task-szMonitoring_run-06,0.8800000000000001,5,25,48
sub-049_ses-01_task-szMonitoring_run-02,0.9962022569444444,96,480,49
sub-050_ses-01_task-szMonitoring_run-05,0.95136,25,125,50
sub-051_ses-01_task-szMonitoring_run-01,0.5660000000000001,10,50,51
sub-051_ses-01_task-szMonitoring_run-02,0.448,5,25,51
sub-052_ses-01_task-szMonitoring_run-01,0.5,2,10,52
sub-052_ses-01_task-szMonitoring_run-03,0.6224852071005917,13,65,52
sub-052_ses-01_task-szMonitoring_run-05,0.8516096452468123,89,445,52
sub-052_ses-01_task-szMonitoring_run-07,0.7005056513979775,82,410,52
sub-052_ses-01_task-szMonitoring_run-08,0.9272727272727274,11,55,52
sub-053_ses-01_task-szMonitoring_run-02,0.68824,50,250,53
sub-054_ses-01_task-szMonitoring_run-04,0.9906250000000001,8,40,54
sub-055_ses-01_task-szMonitoring_run-01,0.5094137870753453,262,1310,55
sub-055_ses-01_task-szMonitoring_run-02,0.415625,8,40,55
sub-055_ses-01_task-szMonitoring_run-03,0.8444444444444446,3,15,55
sub-056_ses-01_task-szMonitoring_run-02,0.8550603915035402,49,245,56
sub-056_ses-01_task-szMonitoring_run-03,0.9279999999999999,35,175,56
sub-056_ses-01_task-szMonitoring_run-04,0.8818717614018433,159,795,56
sub-056_ses-01_task-szMonitoring_run-05,0.8091715976331361,26,130,56
sub-057_ses-01_task-szMonitoring_run-06,0.7833333333333334,6,30,57
sub-058_ses-01_task-szMonitoring_run-02,0.9257599999999999,25,125,58
sub-059_ses-01_task-szMonitoring_run-01,0.5111111111111111,6,30,59
sub-059_ses-01_task-szMonitoring_run-02,0.8010204081632654,14,70,59
sub-060_ses-01_task-szMonitoring_run-01,0.8024221453287197,34,170,60
sub-060_ses-01_task-szMonitoring_run-02,0.7191578947368421,95,475,60
sub-060_ses-01_task-szMonitoring_run-03,1.0,2,10,60
sub-060_ses-01_task-szMonitoring_run-04,0.8423617783212507,107,535,60
sub-061_ses-01_task-szMonitoring_run-03,0.8340000000000001,10,50,61
sub-062_ses-01_task-szMonitoring_run-01,0.8,5,25,62
sub-062_ses-01_task-szMonitoring_run-02,0.792,5,25,62
sub-062_ses-01_task-szMonitoring_run-06,0.832,5,25,62
sub-063_ses-01_task-szMonitoring_run-04,0.61024,25,125,63
sub-064_ses-01_task-szMonitoring_run-01,0.971191135734072,57,285,64
sub-064_ses-01_task-szMonitoring_run-02,0.5580246913580247,9,45,64
sub-065_ses-01_task-szMonitoring_run-03,0.8648888888888888,15,75,65
sub-065_ses-01_task-szMonitoring_run-05,0.8074074074074075,9,45,65
sub-066_ses-01_task-szMonitoring_run-06,0.4899408284023669,13,65,66
sub-066_ses-01_task-szMonitoring_run-09,0.57536,25,125,66
sub-066_ses-01_task-szMonitoring_run-12,0.9644628099173553,22,110,66
sub-066_ses-01_task-szMonitoring_run-14,0.9609375,16,80,66
sub-067_ses-01_task-szMonitoring_run-05,0.996875,8,40,67
sub-068_ses-01_task-szMonitoring_run-05,0.971604938271605,18,90,68
sub-068_ses-01_task-szMonitoring_run-06,0.9760330578512396,22,110,68
sub-069_ses-01_task-szMonitoring_run-33,0.9975206611570248,22,110,69
sub-070_ses-01_task-szMonitoring_run-12,0.9944444444444445,18,90,70
sub-070_ses-01_task-szMonitoring_run-14,1.0,19,95,70
sub-071_ses-01_task-szMonitoring_run-05,0.965625,8,40,71
sub-071_ses-01_task-szMonitoring_run-08,0.7061728395061728,9,45,71
sub-071_ses-01_task-szMonitoring_run-12,0.9788194444444445,24,120,71
sub-071_ses-01_task-szMonitoring_run-13,0.8839506172839505,18,90,71
sub-071_ses-01_task-szMonitoring_run-17,0.7402777777777777,12,60,71
sub-071_ses-01_task-szMonitoring_run-18,0.9895061728395061,18,90,71
sub-072_ses-01_task-szMonitoring_run-12,0.9708984375,32,160,72
sub-072_ses-01_task-szMonitoring_run-14,0.9071428571428571,14,70,72
sub-072_ses-01_task-szMonitoring_run-15,0.9388888888888889,6,30,72
sub-072_ses-01_task-szMonitoring_run-16,0.9314878892733564,17,85,72
sub-072_ses-01_task-szMonitoring_run-17,0.9509182736455464,66,330,72
sub-072_ses-01_task-szMonitoring_run-18,0.9616345963102559,71,355,72
sub-072_ses-01_task-szMonitoring_run-19,0.9895144628099173,88,440,72
sub-072_ses-01_task-szMonitoring_run-22,0.8684703433922996,31,155,72
sub-073_ses-01_task-szMonitoring_run-16,0.9486111111111111,12,60,73
sub-073_ses-01_task-szMonitoring_run-24,0.98671875,16,80,73
sub-073_ses-01_task-szMonitoring_run-27,0.9185595567867035,19,95,73
sub-073_ses-01_task-szMonitoring_run-30,0.9496598639455782,21,105,73
sub-073_ses-01_task-szMonitoring_run-31,0.9728979591836735,35,175,73
sub-073_ses-01_task-szMonitoring_run-32,0.9115646258503401,21,105,73
sub-073_ses-01_task-szMonitoring_run-34,0.89,20,100,73
sub-073_ses-01_task-szMonitoring_run-35,0.9111111111111111,3,15,73
sub-073_ses-01_task-szMonitoring_run-36,0.8949826989619377,68,340,73
sub-073_ses-01_task-szMonitoring_run-42,0.9554582016661879,118,590,73
sub-073_ses-01_task-szMonitoring_run-45,0.9624499846106496,57,285,73
sub-073_ses-01_task-szMonitoring_run-46,0.9508650519031141,17,85,73
sub-073_ses-01_task-szMonitoring_run-47,0.9408331927812448,77,385,73
sub-073_ses-01_task-szMonitoring_run-48,0.8112096224192449,127,635,73
sub-073_ses-01_task-szMonitoring_run-50,0.7095490047871,63,315,73
sub-073_ses-01_task-szMonitoring_run-51,0.9237866666666666,150,750,73
sub-073_ses-01_task-szMonitoring_run-52,0.8892561983471075,22,110,73
sub-073_ses-01_task-szMonitoring_run-54,0.9801652892561983,11,55,73
sub-074_ses-01_task-szMonitoring_run-02,0.7962192816635161,23,115,74
sub-074_ses-01_task-szMonitoring_run-04,0.738,10,50,74
sub-074_ses-01_task-szMonitoring_run-06,0.9253333333333333,15,75,74
sub-074_ses-01_task-szMonitoring_run-07,0.9486111111111111,12,60,74
sub-074_ses-01_task-szMonitoring_run-16,0.9506172839506173,9,45,74
sub-074_ses-01_task-szMonitoring_run-17,0.889795918367347,7,35,74
sub-075_ses-01_task-szMonitoring_run-01,0.80625,8,40,75
sub-075_ses-01_task-szMonitoring_run-33,0.9847222222222223,12,60,75
sub-076_ses-01_task-szMonitoring_run-08,0.9388429752066115,11,55,76
sub-076_ses-01_task-szMonitoring_run-16,0.9734375000000001,16,80,76
sub-077_ses-01_task-szMonitoring_run-02,0.5226666666666666,15,75,77
sub-077_ses-01_task-szMonitoring_run-06,0.6421600000000001,50,250,77
sub-078_ses-01_task-szMonitoring_run-26,0.9518135904499541,132,660,78
sub-079_ses-01_task-szMonitoring_run-01,0.96064,25,125,79
sub-079_ses-01_task-szMonitoring_run-02,0.45,2,10,79
sub-079_ses-01_task-szMonitoring_run-07,0.8986111111111111,12,60,79
sub-079_ses-01_task-szMonitoring_run-09,0.9,2,10,79
sub-079_ses-01_task-szMonitoring_run-12,0.9111111111111112,3,15,79
sub-079_ses-01_task-szMonitoring_run-14,0.7502222222222222,15,75,79
sub-079_ses-01_task-szMonitoring_run-16,0.9680000000000001,5,25,79
sub-079_ses-01_task-szMonitoring_run-17,0.837037037037037,9,45,79
sub-080_ses-01_task-szMonitoring_run-05,0.7875,4,20,80
sub-080_ses-01_task-szMonitoring_run-06,0.8291666666666666,12,60,80
sub-080_ses-01_task-szMonitoring_run-12,0.5875,4,20,80
sub-080_ses-01_task-szMonitoring_run-15,0.8976250000000001,40,200,80
sub-080_ses-01_task-szMonitoring_run-16,0.6222222222222222,6,30,80
sub-080_ses-01_task-szMonitoring_run-19,0.878125,8,40,80
sub-082_ses-01_task-szMonitoring_run-11,0.7983801652892563,110,550,82
sub-089_ses-01_task-szMonitoring_run-36,0.8561224489795919,14,70,89
sub-093_ses-01_task-szMonitoring_run-63,1.0,12,60,93
sub-097_ses-01_task-szMonitoring_run-02,0.9500000000000001,2,10,97
sub-097_ses-01_task-szMonitoring_run-04,0.5611111111111111,6,30,97
sub-097_ses-01_task-szMonitoring_run-07,0.778125,8,40,97
sub-097_ses-01_task-szMonitoring_run-09,0.6,2,10,97
sub-098_ses-01_task-szMonitoring_run-03,0.9791383219954648,21,105,98
sub-099_ses-01_task-szMonitoring_run-01,0.9376734693877552,70,350,99
sub-099_ses-01_task-szMonitoring_run-02,0.8795918367346939,14,70,99
sub-100_ses-01_task-szMonitoring_run-09,0.4285,20,100,100
sub-101_ses-01_task-szMonitoring_run-01,0.8612244897959184,7,35,101
sub-101_ses-01_task-szMonitoring_run-03,0.6499999999999999,6,30,101
sub-101_ses-01_task-szMonitoring_run-06,0.5750000000000001,8,40,101
sub-101_ses-01_task-szMonitoring_run-07,0.275,4,20,101
sub-101_ses-01_task-szMonitoring_run-08,0.8222222222222222,6,30,101
sub-102_ses-01_task-szMonitoring_run-01,0.9617283950617284,18,90,102
sub-102_ses-01_task-szMonitoring_run-03,0.9500000000000001,2,10,102
sub-103_ses-01_task-szMonitoring_run-02,0.52,5,25,103
sub-103_ses-01_task-szMonitoring_run-03,0.25,2,10,103
sub-103_ses-01_task-szMonitoring_run-04,0.36527777777777776,12,60,103
sub-103_ses-01_task-szMonitoring_run-06,0.85,2,10,103
sub-103_ses-01_task-szMonitoring_run-07,0.9514792899408284,13,65,103
sub-104_ses-01_task-szMonitoring_run-05,0.9432098765432099,9,45,104
sub-105_ses-01_task-szMonitoring_run-07,0.9768888888888888,15,75,105
sub-106_ses-01_task-szMonitoring_run-01,0.9541939321832243,41,205,106
sub-107_ses-01_task-szMonitoring_run-01,0.7444444444444444,6,30,107
sub-107_ses-01_task-szMonitoring_run-06,0.8333333333333334,6,30,107
sub-108_ses-01_task-szMonitoring_run-01,0.8500000000000001,2,10,108
sub-109_ses-01_task-szMonitoring_run-03,0.9204289324499693,121,605,109
sub-109_ses-01_task-szMonitoring_run-07,0.9657346817370612,41,205,109
sub-110_ses-01_task-szMonitoring_run-08,0.9192041522491349,34,170,110
sub-111_ses-01_task-szMonitoring_run-06,0.8768229166666667,48,240,111
sub-112_ses-01_task-szMonitoring_run-03,0.8875468554768846,49,245,112
sub-112_ses-01_task-szMonitoring_run-04,0.9243162901307966,58,290,112
sub-112_ses-01_task-szMonitoring_run-05,0.7555555555555555,3,15,112
sub-112_ses-01_task-szMonitoring_run-06,0.8252888048729259,69,345,112
sub-113_ses-01_task-szMonitoring_run-02,0.85625,8,40,113
sub-113_ses-01_task-szMonitoring_run-04,0.9099342216225331,77,385,113
sub-113_ses-01_task-szMonitoring_run-05,0.7666666666666666,6,30,113
sub-113_ses-01_task-szMonitoring_run-06,0.9555555555555556,6,30,113
sub-113_ses-01_task-szMonitoring_run-08,0.7125,4,20,113
sub-114_ses-01_task-szMonitoring_run-02,0.7120000000000001,15,75,114
sub-114_ses-01_task-szMonitoring_run-06,0.8637119113573407,19,95,114
sub-114_ses-01_task-szMonitoring_run-11,0.8166666666666667,6,30,114
sub-115_ses-01_task-szMonitoring_run-09,0.89921875,32,160,115
sub-115_ses-01_task-szMonitoring_run-12,0.9972318339100346,17,85,115
sub-115_ses-01_task-szMonitoring_run-49,0.9989795918367348,14,70,115
sub-115_ses-01_task-szMonitoring_run-52,0.9487654320987655,36,180,115
sub-115_ses-01_task-szMonitoring_run-55,0.9706611570247934,22,110,115
sub-115_ses-01_task-szMonitoring_run-57,0.9209876543209876,18,90,115
sub-116_ses-01_task-szMonitoring_run-06,0.9846153846153846,13,65,116
sub-116_ses-01_task-szMonitoring_run-18,0.9396825396825397,21,105,116
sub-116_ses-01_task-szMonitoring_run-19,0.9884297520661157,22,110,116
sub-116_ses-01_task-szMonitoring_run-24,0.8235827664399092,21,105,116
sub-116_ses-01_task-szMonitoring_run-25,0.5700000000000001,10,50,116
sub-116_ses-01_task-szMonitoring_run-26,0.9537414965986395,21,105,116
sub-116_ses-01_task-szMonitoring_run-27,0.9984877126654064,23,115,116
sub-117_ses-01_task-szMonitoring_run-06,0.65,2,10,117
sub-117_ses-01_task-szMonitoring_run-07,0.9199999999999999,5,25,117
sub-117_ses-01_task-szMonitoring_run-10,0.5666666666666667,6,30,117
sub-117_ses-01_task-szMonitoring_run-11,0.425,4,20,117
sub-118_ses-01_task-szMonitoring_run-03,0.0,5,25,118
sub-118_ses-01_task-szMonitoring_run-10,1.0,9,45,118
sub-119_ses-01_task-szMonitoring_run-30,0.9106648199445984,38,190,119
sub-119_ses-01_task-szMonitoring_run-31,0.903125,8,40,119
sub-119_ses-01_task-szMonitoring_run-33,0.80859375,16,80,119
sub-122_ses-01_task-szMonitoring_run-01,0.7654320987654322,27,135,122
sub-125_ses-01_task-szMonitoring_run-21,0.9207925444435743,113,565,125
