rid,n_ict,n_ctl,real_auc,sham_med,sham_p90,sham_frac_gt70
sub-001_ses-01_task-szMonitoring_run-03,14,70,0.9326530612244898,0.4959183673469388,0.7963265306122449,0.15
sub-001_ses-01_task-szMonitoring_run-05,15,75,0.9831111111111112,0.5351111111111111,0.6970666666666667,0.1
sub-001_ses-01_task-szMonitoring_run-07,28,140,0.9408163265306122,0.45482845312037856,0.6593156610470277,0.05
sub-001_ses-01_task-szMonitoring_run-08,5,25,1.0,0.484,0.6576000000000002,0.05
sub-002_ses-01_task-szMonitoring_run-01,39,195,0.829059829059829,0.4995113818643231,0.7604134213584551,0.25
sub-002_ses-01_task-szMonitoring_run-02,58,290,0.7494649227110582,0.4731058766391452,0.5749225886821843,0.0
sub-002_ses-01_task-szMonitoring_run-03,9,45,0.6617283950617284,0.4024691358024691,0.6696296296296297,0.05
sub-002_ses-01_task-szMonitoring_run-05,41,205,0.7919095776323617,0.4151138444669956,0.654883997620464,0.05
sub-002_ses-01_task-szMonitoring_run-06,89,445,0.7983840424188864,0.4323554832477503,0.6658701922475436,0.1
sub-002_ses-01_task-szMonitoring_run-09,83,415,0.780200319349688,0.5570580970192416,0.6744465546916731,0.05
sub-002_ses-01_task-szMonitoring_run-10,31,155,0.6978147762747138,0.5048287625144088,0.6374074326708918,0.05
sub-003_ses-01_task-szMonitoring_run-06,10,50,0.922,0.41600000000000004,0.5982000000000002,0.1
sub-004_ses-01_task-szMonitoring_run-01,60,300,0.9404444444444444,0.47265263842437755,0.6525585284280937,0.05
sub-005_ses-01_task-szMonitoring_run-22,30,150,0.8333333333333333,0.4666666666666667,0.7296959984459985,0.15
sub-005_ses-01_task-szMonitoring_run-23,29,145,0.7141498216409037,0.49981586074778706,0.6289417360285376,0.05
sub-006_ses-01_task-szMonitoring_run-01,2,10,0.65,0.6499999999999999,0.9100000000000001,0.4
sub-007_ses-01_task-szMonitoring_run-03,17,85,0.9923875432525952,0.46747404844290663,0.6855940023068051,0.05
sub-008_ses-01_task-szMonitoring_run-09,3,15,0.9333333333333333,0.5444444444444445,0.8111111111111113,0.25
sub-009_ses-01_task-szMonitoring_run-09,19,95,0.8515235457063711,0.5745800671892498,0.7880100080421767,0.25
sub-010_ses-01_task-szMonitoring_run-08,18,90,0.7728395061728395,0.40556958473625143,0.7904657530359777,0.2
sub-011_ses-01_task-szMonitoring_run-02,10,50,1.0,0.54,0.9234,0.3
sub-011_ses-01_task-szMonitoring_run-03,53,265,0.9629049483802065,0.38704435880753385,0.6546520848750332,0.05
sub-012_ses-01_task-szMonitoring_run-03,33,165,0.9987144168962351,0.5706135532683219,0.7371234937213744,0.2
sub-012_ses-01_task-szMonitoring_run-05,15,75,0.9866666666666667,0.5111111111111111,0.8935415525114156,0.3
sub-013_ses-01_task-szMonitoring_run-01,7,35,0.6408163265306122,0.4,0.8008163265306125,0.2
sub-014_ses-01_task-szMonitoring_run-01,9,45,0.8839506172839505,0.49629629629629635,0.6871604938271606,0.1
sub-014_ses-01_task-szMonitoring_run-03,6,30,0.8944444444444445,0.5777777777777777,0.733888888888889,0.15
sub-015_ses-01_task-szMonitoring_run-01,6,30,0.888888888888889,0.5527777777777778,0.7422222222222223,0.15
sub-015_ses-01_task-szMonitoring_run-04,16,80,0.7562500000000001,0.5359375,0.7524218750000001,0.25
sub-015_ses-01_task-szMonitoring_run-06,6,30,0.9222222222222222,0.5361111111111111,0.8655555555555557,0.2
sub-015_ses-01_task-szMonitoring_run-08,5,25,0.896,0.54,0.8088000000000001,0.3
sub-015_ses-01_task-szMonitoring_run-09,13,65,0.6804733727810651,0.5082840236686391,0.954792899408284,0.15
sub-016_ses-01_task-szMonitoring_run-02,45,225,0.7042962962962964,0.5217261904761905,0.6316656656656657,0.05
sub-016_ses-01_task-szMonitoring_run-03,59,295,0.7408790577420281,0.5243871004305198,0.7697125833615683,0.25
sub-017_ses-01_task-szMonitoring_run-01,26,130,0.8846153846153846,0.530819077966607,0.6537412167159764,0.0
sub-018_ses-01_task-szMonitoring_run-03,28,140,0.9836734693877551,0.4252551020408163,0.7283625752459258,0.15
sub-019_ses-01_task-szMonitoring_run-07,30,150,0.9446666666666667,0.48777777777777775,0.6530444444444446,0.1
sub-020_ses-01_task-szMonitoring_run-05,13,65,1.0,0.5568047337278106,0.8669822485207102,0.35
sub-021_ses-01_task-szMonitoring_run-01,31,155,0.9764828303850156,0.5772502690946214,0.6774788954662293,0.1
sub-021_ses-01_task-szMonitoring_run-04,40,200,0.95025,0.6223055555555554,0.7431395202020202,0.2
sub-022_ses-01_task-szMonitoring_run-04,48,240,0.09383680555555556,0.576622431404801,0.7290108525104603,0.25
sub-022_ses-01_task-szMonitoring_run-06,20,100,0.11250000000000002,0.55125,0.6890000000000002,0.1
sub-022_ses-01_task-szMonitoring_run-10,8,40,0.721875,0.3734375,0.6984375000000002,0.1
sub-023_ses-01_task-szMonitoring_run-03,16,80,0.9320312500000001,0.6421875,0.76359375,0.35
sub-024_ses-01_task-szMonitoring_run-01,33,165,0.9748393021120294,0.43644706488387197,0.7780276834153019,0.3
sub-024_ses-01_task-szMonitoring_run-07,20,100,0.9924999999999999,0.5685,0.7812000000000001,0.25
sub-025_ses-01_task-szMonitoring_run-03,5,25,0.96,0.496,0.7599999999999999,0.15
sub-025_ses-01_task-szMonitoring_run-04,25,125,0.9231999999999999,0.4539535483870968,0.6918358709677419,0.1
sub-026_ses-01_task-szMonitoring_run-03,9,45,1.0,0.41178451178451175,0.6597530864197532,0.1
sub-026_ses-01_task-szMonitoring_run-04,15,75,0.9991111111111112,0.6142222222222222,0.8289777777777778,0.25
sub-026_ses-01_task-szMonitoring_run-06,16,80,0.93984375,0.5143875770853619,0.7223376623376625,0.15
sub-027_ses-01_task-szMonitoring_run-07,10,50,1.0,0.435,0.8318000000000001,0.25
sub-028_ses-01_task-szMonitoring_run-01,5,25,0.856,0.5680000000000001,0.8408,0.3
sub-028_ses-01_task-szMonitoring_run-04,21,105,0.9492063492063493,0.4934240362811791,0.7831266352694924,0.25
sub-028_ses-01_task-szMonitoring_run-05,9,45,0.9679012345679013,0.4419753086419753,0.7360493827160494,0.15
sub-029_ses-01_task-szMonitoring_run-08,40,200,0.96,0.4670474246231156,0.7178712939698494,0.15
sub-029_ses-01_task-szMonitoring_run-10,10,50,0.8300000000000001,0.43,0.8263999999999999,0.3
sub-030_ses-01_task-szMonitoring_run-03,45,225,0.7714567901234568,0.5844728835978836,0.6790626984126985,0.05
sub-030_ses-01_task-szMonitoring_run-04,28,140,0.7301020408163266,0.6473861283643891,0.7428635662898252,0.25
sub-030_ses-01_task-szMonitoring_run-05,21,105,0.6154195011337869,0.5176870748299319,0.8128798185941044,0.25
sub-031_ses-01_task-szMonitoring_run-03,36,180,0.9035493827160495,0.47677469135802475,0.6288237119801366,0.05
sub-033_ses-01_task-szMonitoring_run-12,21,105,0.9310657596371881,0.5304842810910773,0.767089220303506,0.3
sub-034_ses-01_task-szMonitoring_run-01,4,20,0.8125,0.40625,0.9275000000000001,0.25
sub-034_ses-01_task-szMonitoring_run-03,13,65,0.8130177514792899,0.6550295857988165,0.8608579881656806,0.4
sub-034_ses-01_task-szMonitoring_run-07,19,95,0.8437673130193906,0.47534626038781164,0.7435457063711911,0.15
sub-034_ses-01_task-szMonitoring_run-08,7,35,0.8408163265306123,0.5408163265306123,0.755966386554622,0.2
sub-034_ses-01_task-szMonitoring_run-09,32,160,0.8677734375,0.4972729952830188,0.7327633647798744,0.15
sub-035_ses-01_task-szMonitoring_run-03,20,100,0.657,0.7111893939393938,0.88425,0.5
sub-035_ses-01_task-szMonitoring_run-06,6,30,0.7388888888888888,0.5666666666666667,0.7277777777777781,0.15
sub-035_ses-01_task-szMonitoring_run-07,20,100,0.84,0.37898737373737373,0.898420202020202,0.2
sub-035_ses-01_task-szMonitoring_run-09,6,30,0.7888888888888889,0.4722222222222222,0.6694444444444445,0.0
sub-035_ses-01_task-szMonitoring_run-11,17,85,0.8844290657439446,0.5217993079584775,0.7975778546712803,0.25
sub-035_ses-01_task-szMonitoring_run-14,5,25,0.752,0.30833333333333335,0.8808,0.3
sub-036_ses-01_task-szMonitoring_run-01,23,115,0.2294896030245747,0.5471412463104832,0.7936483931947071,0.25
sub-037_ses-01_task-szMonitoring_run-01,59,295,0.7495547256535477,0.6349585764773892,0.9507226401045911,0.4
sub-038_ses-01_task-szMonitoring_run-07,17,85,1.0,0.48333333333333334,0.7532871972318339,0.25
sub-039_ses-01_task-szMonitoring_run-01,14,70,0.710204081632653,0.4678571428571429,0.7096938775510204,0.15
sub-039_ses-01_task-szMonitoring_run-04,37,185,0.8138787436084735,0.5517676889291288,0.6860934671451712,0.1
sub-039_ses-01_task-szMonitoring_run-06,26,130,0.830473372781065,0.4801775147928994,0.6922829228017064,0.1
sub-039_ses-01_task-szMonitoring_run-08,2,10,0.8,0.475,0.8,0.15
sub-039_ses-01_task-szMonitoring_run-09,22,110,0.8169421487603306,0.5289824854045038,0.8679752066115702,0.15
sub-040_ses-01_task-szMonitoring_run-04,27,135,0.8455418381344307,0.3998628257887517,0.6197256515775036,0.1
sub-040_ses-01_task-szMonitoring_run-05,7,35,0.9469387755102041,0.5204081632653061,0.789795918367347,0.3
sub-041_ses-01_task-szMonitoring_run-01,2,10,1.0,0.35000000000000003,0.6550000000000001,0.05
sub-042_ses-01_task-szMonitoring_run-01,5,25,0.6639999999999999,0.43200000000000005,0.6408000000000001,0.1
sub-042_ses-01_task-szMonitoring_run-04,6,30,0.2833333333333333,0.4305555555555556,0.678888888888889,0.1
sub-042_ses-01_task-szMonitoring_run-06,4,20,0.7625,0.5125,0.6912499999999999,0.1
sub-042_ses-01_task-szMonitoring_run-07,4,20,0.5,0.5562499999999999,0.8925000000000001,0.3
sub-042_ses-01_task-szMonitoring_run-08,8,40,0.8781249999999999,0.5453125,0.7153125,0.2
sub-043_ses-01_task-szMonitoring_run-05,4,20,0.9,0.375,0.625,0.05
sub-043_ses-01_task-szMonitoring_run-06,3,15,0.6444444444444445,0.2666666666666666,0.6311111111111113,0.1
sub-043_ses-01_task-szMonitoring_run-07,2,10,0.35,0.525,0.7550000000000001,0.2
sub-043_ses-01_task-szMonitoring_run-08,8,40,0.8625,0.490625,0.851875,0.15
sub-044_ses-01_task-szMonitoring_run-01,3,15,0.888888888888889,0.5444444444444445,0.8911111111111112,0.3
sub-044_ses-01_task-szMonitoring_run-05,50,250,0.98832,0.4757487550200803,0.86829718875502,0.15
sub-045_ses-01_task-szMonitoring_run-09,27,135,0.9769547325102881,0.5906614440206172,0.6817575994114271,0.1
sub-046_ses-01_task-szMonitoring_run-01,41,205,0.9031528851873885,0.43912402598734623,0.6157482707538698,0.05
sub-047_ses-01_task-szMonitoring_run-01,10,50,0.7040000000000001,0.5755102040816327,0.8094000000000001,0.3
sub-047_ses-01_task-szMonitoring_run-02,19,95,0.46204986149584487,0.4903047091412742,0.6768975069252079,0.1
sub-047_ses-01_task-szMonitoring_run-03,5,25,0.472,0.296,0.816,0.15
sub-047_ses-01_task-szMonitoring_run-04,44,220,0.5736570247933884,0.5672730509823636,0.8385847107438017,0.25
sub-047_ses-01_task-szMonitoring_run-06,12,60,0.7375,0.542867231638418,0.8518785310734465,0.25
sub-047_ses-01_task-szMonitoring_run-07,33,165,0.40661157024793393,0.42194674012855826,0.8348854397634886,0.35
sub-048_ses-01_task-szMonitoring_run-06,5,25,0.896,0.492,0.9032000000000001,0.2
sub-049_ses-01_task-szMonitoring_run-02,96,480,0.9962239583333334,0.39749230290708937,0.5839569360853216,0.0
sub-050_ses-01_task-szMonitoring_run-05,25,125,0.9392,0.4830777235772358,0.851936,0.35
sub-051_ses-01_task-szMonitoring_run-01,10,50,0.504,0.541,0.6012000000000002,0.05
sub-051_ses-01_task-szMonitoring_run-02,5,25,0.42400000000000004,0.496,0.7392000000000002,0.2
sub-052_ses-01_task-szMonitoring_run-01,2,10,0.45,0.55,0.9550000000000002,0.25
sub-052_ses-01_task-szMonitoring_run-03,13,65,0.6355029585798817,0.4781065088757397,0.6513609467455621,0.0
sub-052_ses-01_task-szMonitoring_run-05,89,445,0.8527711147582376,0.4462851428983598,0.7615357866737824,0.15
sub-052_ses-01_task-szMonitoring_run-07,82,410,0.6843248066627008,0.45548480115343026,0.8851397484124095,0.25
sub-052_ses-01_task-szMonitoring_run-08,11,55,0.9619834710743802,0.46446280991735533,0.7710743801652893,0.15
sub-053_ses-01_task-szMonitoring_run-02,50,250,0.6783199999999999,0.5940785002357608,0.7758464777327936,0.25
sub-054_ses-01_task-szMonitoring_run-04,8,40,0.996875,0.5078125,0.8440625000000002,0.25
sub-055_ses-01_task-szMonitoring_run-01,262,1310,0.5229007633587787,0.4779702643004221,0.72699452612242,0.15
sub-055_ses-01_task-szMonitoring_run-02,8,40,0.5875,0.4859375,0.81375,0.25
sub-055_ses-01_task-szMonitoring_run-03,3,15,0.7777777777777778,0.4222222222222223,0.8022222222222223,0.2
sub-056_ses-01_task-szMonitoring_run-02,49,245,0.8867138692211579,0.49960904492812486,0.7130195751770096,0.15
sub-056_ses-01_task-szMonitoring_run-03,35,175,0.9213061224489796,0.5181967026395968,0.7575342247243725,0.2
sub-056_ses-01_task-szMonitoring_run-04,159,795,0.8769748032118982,0.5271427150934798,0.7052639871281309,0.15
sub-056_ses-01_task-szMonitoring_run-05,26,130,0.8153846153846154,0.5112938545403718,0.8047769454382827,0.15
sub-057_ses-01_task-szMonitoring_run-06,6,30,0.8,0.6055555555555556,0.8116666666666666,0.25
sub-058_ses-01_task-szMonitoring_run-02,25,125,0.88928,0.4777032258064516,0.6476480000000001,0.1
sub-059_ses-01_task-szMonitoring_run-01,6,30,0.5944444444444444,0.6027777777777779,0.8122222222222223,0.3
sub-059_ses-01_task-szMonitoring_run-02,14,70,0.8051020408163265,0.5627551020408164,0.8654081632653062,0.3
sub-060_ses-01_task-szMonitoring_run-01,34,170,0.7567474048442906,0.5825970093919921,0.7008753501400563,0.1
sub-060_ses-01_task-szMonitoring_run-02,95,475,0.7442880886426593,0.4817803824679999,0.7025453210562457,0.1
sub-060_ses-01_task-szMonitoring_run-03,2,10,1.0,0.65,1.0,0.3
sub-060_ses-01_task-szMonitoring_run-04,107,535,0.8370163333042187,0.5664231649804301,0.7844496677290878,0.15
sub-061_ses-01_task-szMonitoring_run-03,10,50,0.764,0.555,0.8786000000000002,0.35
sub-062_ses-01_task-szMonitoring_run-01,5,25,0.6480000000000001,0.42400000000000004,0.6320000000000001,0.1
sub-062_ses-01_task-szMonitoring_run-02,5,25,0.864,0.48,0.8888,0.25
sub-062_ses-01_task-szMonitoring_run-06,5,25,0.704,0.42400000000000004,0.6960000000000001,0.1
sub-063_ses-01_task-szMonitoring_run-04,25,125,0.61344,0.6433354838709677,0.7681042580645164,0.3
sub-064_ses-01_task-szMonitoring_run-01,57,285,0.9852262234533702,0.6522732888559426,0.7411479691126052,0.25
sub-064_ses-01_task-szMonitoring_run-02,9,45,0.5259259259259259,0.47160493827160493,0.6874074074074075,0.05
sub-065_ses-01_task-szMonitoring_run-03,15,75,0.848,0.49377777777777776,0.6609777777777779,0.1
sub-065_ses-01_task-szMonitoring_run-05,9,45,0.7950617283950617,0.41975308641975306,0.7424691358024691,0.15
sub-066_ses-01_task-szMonitoring_run-06,13,65,0.4792899408284023,0.4544378698224852,0.6590532544378699,0.05
sub-066_ses-01_task-szMonitoring_run-09,25,125,0.5737599999999999,0.51568,0.6587200000000001,0.05
sub-066_ses-01_task-szMonitoring_run-12,22,110,0.9574380165289256,0.5203171653643353,0.7483260127282346,0.3
sub-066_ses-01_task-szMonitoring_run-14,16,80,0.94921875,0.44062500000000004,0.7479687500000001,0.15
sub-067_ses-01_task-szMonitoring_run-05,8,40,1.0,0.334375,0.6884375000000001,0.1
sub-068_ses-01_task-szMonitoring_run-05,18,90,0.9746913580246913,0.38448467193785546,0.6405555555555557,0.05
sub-068_ses-01_task-szMonitoring_run-06,22,110,0.9834710743801653,0.49374478732276894,0.7445098187883843,0.2
sub-069_ses-01_task-szMonitoring_run-33,22,110,0.9958677685950413,0.5058988551065281,0.6474433239821064,0.05
sub-070_ses-01_task-szMonitoring_run-12,18,90,0.9938271604938272,0.47469135802469137,0.5900617283950617,0.0
sub-070_ses-01_task-szMonitoring_run-14,19,95,0.9994459833795013,0.5508634407968409,0.6102982259680558,0.05
sub-071_ses-01_task-szMonitoring_run-05,8,40,0.990625,0.5234375,0.8516105769230771,0.25
sub-071_ses-01_task-szMonitoring_run-08,9,45,0.7604938271604937,0.625925925925926,0.8144444444444446,0.35
sub-071_ses-01_task-szMonitoring_run-12,24,120,0.9569444444444444,0.5094997744860656,0.6983619281045752,0.1
sub-071_ses-01_task-szMonitoring_run-13,18,90,0.8716049382716049,0.46832912457912457,0.6949488426822794,0.05
sub-071_ses-01_task-szMonitoring_run-17,12,60,0.8152777777777778,0.5027777777777778,0.8280555555555555,0.15
sub-071_ses-01_task-szMonitoring_run-18,18,90,0.9679012345679012,0.5104938271604937,0.6402298850574712,0.05
sub-072_ses-01_task-szMonitoring_run-12,32,160,0.9519531250000001,0.508857484076433,0.656424565018315,0.05
sub-072_ses-01_task-szMonitoring_run-14,14,70,0.953061224489796,0.5316400473232772,0.6609730848861285,0.1
sub-072_ses-01_task-szMonitoring_run-15,6,30,0.9722222222222223,0.4111111111111111,0.7229885057471265,0.15
sub-072_ses-01_task-szMonitoring_run-16,17,85,0.9370242214532872,0.5504439904948513,0.7655462184873951,0.3
sub-072_ses-01_task-szMonitoring_run-17,66,330,0.9524793388429752,0.44847515089450574,0.6242163723457061,0.0
sub-072_ses-01_task-szMonitoring_run-18,71,355,0.96115850029756,0.40088472425744703,0.7679047840964396,0.35
sub-072_ses-01_task-szMonitoring_run-19,88,440,0.9894369834710743,0.5942920747159761,0.7153843646398506,0.15
sub-072_ses-01_task-szMonitoring_run-22,31,155,0.8643080124869928,0.4402185223725287,0.5837475843615283,0.05
sub-073_ses-01_task-szMonitoring_run-16,12,60,0.9708333333333333,0.5541666666666666,0.7159769303201506,0.15
sub-073_ses-01_task-szMonitoring_run-24,16,80,0.98671875,0.55546875,0.7700781250000001,0.25
sub-073_ses-01_task-szMonitoring_run-27,19,95,0.9257617728531855,0.4321535922673425,0.6134072022160667,0.1
sub-073_ses-01_task-szMonitoring_run-30,21,105,0.9668934240362811,0.6333333333333333,0.7818765781144423,0.3
sub-073_ses-01_task-szMonitoring_run-31,35,175,0.9859591836734694,0.4751957077939436,0.6410265098664542,0.05
sub-073_ses-01_task-szMonitoring_run-32,21,105,0.9351473922902493,0.4702271934414791,0.8107575457367413,0.25
sub-073_ses-01_task-szMonitoring_run-34,20,100,0.9119999999999999,0.519628787878788,0.7527,0.25
sub-073_ses-01_task-szMonitoring_run-35,3,15,0.8,0.2777777777777778,0.6022222222222222,0.05
sub-073_ses-01_task-szMonitoring_run-36,68,340,0.904022491349481,0.5642880138343973,0.7946992199428144,0.25
sub-073_ses-01_task-szMonitoring_run-42,118,590,0.950316001149095,0.4517768567400409,0.6033410919965864,0.1
sub-073_ses-01_task-szMonitoring_run-45,57,285,0.9616497383810403,0.4057404876268152,0.7374457649500095,0.15
sub-073_ses-01_task-szMonitoring_run-46,17,85,0.9743944636678201,0.4208683473389356,0.7739100346020762,0.15
sub-073_ses-01_task-szMonitoring_run-47,77,385,0.9551695058188565,0.4712318333007988,0.6593734625163196,0.05
sub-073_ses-01_task-szMonitoring_run-48,127,635,0.8239320478640957,0.556735031103786,0.8274231484254805,0.35
sub-073_ses-01_task-szMonitoring_run-50,63,315,0.7464852607709751,0.49517194359114736,0.6897784767840608,0.05
sub-073_ses-01_task-szMonitoring_run-51,150,750,0.923271111111111,0.5034024673916146,0.5663065036995812,0.0
sub-073_ses-01_task-szMonitoring_run-52,22,110,0.8801652892561984,0.5330426870877246,0.693160967472894,0.1
sub-073_ses-01_task-szMonitoring_run-54,11,55,0.9603305785123967,0.45289256198347105,0.8835200489745945,0.15
sub-074_ses-01_task-szMonitoring_run-02,23,115,0.8094517958412099,0.5355906117737591,0.6392829900839054,0.05
sub-074_ses-01_task-szMonitoring_run-04,10,50,0.826,0.538,0.6962000000000002,0.1
sub-074_ses-01_task-szMonitoring_run-06,15,75,0.9546666666666667,0.537963963963964,0.6886222222222224,0.1
sub-074_ses-01_task-szMonitoring_run-07,12,60,0.9805555555555555,0.49777542372881356,0.7118055555555556,0.15
sub-074_ses-01_task-szMonitoring_run-16,9,45,0.908641975308642,0.380246913580247,0.582716049382716,0.0
sub-074_ses-01_task-szMonitoring_run-17,7,35,0.9102040816326531,0.4740696278511405,0.7077551020408164,0.15
sub-075_ses-01_task-szMonitoring_run-01,8,40,0.7250000000000001,0.5375000000000001,0.7490625,0.25
sub-075_ses-01_task-szMonitoring_run-33,12,60,0.998611111111111,0.5506944444444444,0.7251483050847459,0.15
sub-076_ses-01_task-szMonitoring_run-08,11,55,0.9900826446280991,0.5241812059993878,0.7580165289256199,0.2
sub-076_ses-01_task-szMonitoring_run-16,16,80,0.9546875,0.3848892405063291,0.6488172468354435,0.1
sub-077_ses-01_task-szMonitoring_run-02,15,75,0.5653333333333334,0.48951951951951955,0.712076876876877,0.15
sub-077_ses-01_task-szMonitoring_run-06,50,250,0.65928,0.462349043715847,0.8871590771098967,0.25
sub-078_ses-01_task-szMonitoring_run-26,132,660,0.9686868686868687,0.4293148409369316,0.5717208424817088,0.05
sub-079_ses-01_task-szMonitoring_run-01,25,125,0.96384,0.5114516129032258,0.7105060645161291,0.15
sub-079_ses-01_task-szMonitoring_run-02,2,10,0.8,0.7,0.9050000000000001,0.4
sub-079_ses-01_task-szMonitoring_run-07,12,60,0.8972222222222223,0.538888888888889,0.8612883141762453,0.35
sub-079_ses-01_task-szMonitoring_run-09,2,10,0.8500000000000001,0.5,0.9,0.2
sub-079_ses-01_task-szMonitoring_run-12,3,15,0.8444444444444446,0.6222222222222222,0.8533333333333336,0.25
sub-079_ses-01_task-szMonitoring_run-14,15,75,0.8053333333333333,0.27555555555555555,0.7844919919919922,0.15
sub-079_ses-01_task-szMonitoring_run-16,5,25,1.0,0.544,0.9056000000000001,0.4
sub-079_ses-01_task-szMonitoring_run-17,9,45,0.8962962962962964,0.48888888888888893,0.6874074074074075,0.1
sub-080_ses-01_task-szMonitoring_run-05,4,20,0.9,0.475,0.765,0.2
sub-080_ses-01_task-szMonitoring_run-06,12,60,0.7972222222222223,0.46202919020715627,0.8408192090395481,0.2
sub-080_ses-01_task-szMonitoring_run-12,4,20,0.65,0.48124999999999996,0.6950000000000001,0.1
sub-080_ses-01_task-szMonitoring_run-15,40,200,0.891625,0.43089247062461344,0.8244919302355852,0.15
sub-080_ses-01_task-szMonitoring_run-16,6,30,0.6055555555555555,0.4305555555555556,0.7411111111111114,0.15
sub-080_ses-01_task-szMonitoring_run-19,8,40,0.925,0.38593749999999993,0.7159375,0.15
sub-082_ses-01_task-szMonitoring_run-11,110,550,0.811107438016529,0.4424022464194157,0.874668147641832,0.2
sub-089_ses-01_task-szMonitoring_run-36,14,70,0.833673469387755,0.44057733311464653,0.5227743271221533,0.0
sub-093_ses-01_task-szMonitoring_run-63,12,60,1.0,0.43154761904761907,0.6914329738058552,0.1
sub-097_ses-01_task-szMonitoring_run-02,2,10,0.9500000000000001,0.625,0.7999999999999999,0.2
sub-097_ses-01_task-szMonitoring_run-04,6,30,0.5055555555555555,0.3277777777777777,0.7522222222222222,0.15
sub-097_ses-01_task-szMonitoring_run-07,8,40,0.784375,0.6875,0.815625,0.45
sub-097_ses-01_task-szMonitoring_run-09,2,10,0.7999999999999999,0.7999999999999999,0.85,0.6
sub-098_ses-01_task-szMonitoring_run-03,21,105,0.964625850340136,0.46316403584087357,0.7468027210884355,0.15
sub-099_ses-01_task-szMonitoring_run-01,70,350,0.938734693877551,0.49248301268931644,0.7437707952146377,0.2
sub-099_ses-01_task-szMonitoring_run-02,14,70,0.8153061224489796,0.3931550232033112,0.7576619343389529,0.2
sub-100_ses-01_task-szMonitoring_run-09,20,100,0.4445,0.46832323232323236,0.5871000000000001,0.0
sub-101_ses-01_task-szMonitoring_run-01,7,35,0.8857142857142857,0.3326530612244898,0.772016806722689,0.15
sub-101_ses-01_task-szMonitoring_run-03,6,30,0.6333333333333333,0.44999999999999996,0.8431034482758621,0.25
sub-101_ses-01_task-szMonitoring_run-06,8,40,0.49375,0.3953125,0.7068750000000001,0.1
sub-101_ses-01_task-szMonitoring_run-07,4,20,0.625,0.6375,0.7625,0.3
sub-101_ses-01_task-szMonitoring_run-08,6,30,0.8611111111111112,0.5222222222222223,0.75,0.15
sub-102_ses-01_task-szMonitoring_run-01,18,90,0.9469135802469136,0.6146955667789,0.8049382716049384,0.3
sub-102_ses-01_task-szMonitoring_run-03,2,10,0.85,0.475,0.6050000000000001,0.05
sub-103_ses-01_task-szMonitoring_run-02,5,25,0.6719999999999999,0.648,0.9272000000000001,0.45
sub-103_ses-01_task-szMonitoring_run-03,2,10,0.35000000000000003,0.375,0.7,0.0
sub-103_ses-01_task-szMonitoring_run-04,12,60,0.4833333333333333,0.5097222222222222,0.7101388888888891,0.1
sub-103_ses-01_task-szMonitoring_run-06,2,10,0.8,0.575,1.0,0.35
sub-103_ses-01_task-szMonitoring_run-07,13,65,0.9656804733727811,0.3899408284023669,0.6961039201183432,0.05
sub-104_ses-01_task-szMonitoring_run-05,9,45,0.9679012345679012,0.5253928170594837,0.8893827160493827,0.25
sub-105_ses-01_task-szMonitoring_run-07,15,75,0.9706666666666667,0.45111111111111113,0.839111111111111,0.35
sub-106_ses-01_task-szMonitoring_run-01,41,205,0.9520523497917905,0.4766607427380807,0.7449537677466328,0.15
sub-107_ses-01_task-szMonitoring_run-01,6,30,0.8166666666666667,0.34444444444444444,0.975,0.15
sub-107_ses-01_task-szMonitoring_run-06,6,30,0.7611111111111111,0.3472222222222222,0.7788888888888889,0.2
sub-108_ses-01_task-szMonitoring_run-01,2,10,0.8,0.45,1.0,0.35
sub-109_ses-01_task-szMonitoring_run-03,121,605,0.9228604603510688,0.43001374802291725,0.7133182643469882,0.15
sub-109_ses-01_task-szMonitoring_run-07,41,205,0.9668054729327781,0.5340868530636526,0.7117192147531234,0.15
sub-110_ses-01_task-szMonitoring_run-08,34,170,0.9446366782006921,0.6602961651071846,0.8490196078431373,0.3
sub-111_ses-01_task-szMonitoring_run-06,48,240,0.8657118055555555,0.3824961454489816,0.7860119047619049,0.2
sub-112_ses-01_task-szMonitoring_run-03,49,245,0.8817159516867972,0.49159417865506855,0.6940122011160262,0.1
sub-112_ses-01_task-szMonitoring_run-04,58,290,0.9,0.48929151314296393,0.7818346791544006,0.3
sub-112_ses-01_task-szMonitoring_run-05,3,15,0.6,0.4888888888888889,0.6866666666666669,0.1
sub-112_ses-01_task-szMonitoring_run-06,69,345,0.8340264650283553,0.5717479039801325,0.8321045305792851,0.3
sub-113_ses-01_task-szMonitoring_run-02,8,40,0.85625,0.39687500000000003,0.7721875,0.15
sub-113_ses-01_task-szMonitoring_run-04,77,385,0.889829650868612,0.4844541864380294,0.6724370182145968,0.1
sub-113_ses-01_task-szMonitoring_run-05,6,30,0.7611111111111111,0.47777777777777775,0.752241379310345,0.2
sub-113_ses-01_task-szMonitoring_run-06,6,30,0.9166666666666667,0.5249999999999999,0.8716666666666667,0.2
sub-113_ses-01_task-szMonitoring_run-08,4,20,0.7250000000000001,0.33125000000000004,0.8624999999999999,0.35
sub-114_ses-01_task-szMonitoring_run-02,15,75,0.6266666666666667,0.45635435435435434,0.6906666666666669,0.1
sub-114_ses-01_task-szMonitoring_run-06,19,95,0.8182825484764542,0.47229916897506924,0.7050391937290035,0.1
sub-114_ses-01_task-szMonitoring_run-11,6,30,0.7388888888888889,0.6111111111111112,0.7311111111111112,0.15
sub-115_ses-01_task-szMonitoring_run-09,32,160,0.9148437500000001,0.46869963639937107,0.9356752146658067,0.15
sub-115_ses-01_task-szMonitoring_run-12,17,85,0.9979238754325259,0.4201145163947932,0.7945839512275498,0.2
sub-115_ses-01_task-szMonitoring_run-49,14,70,1.0,0.42551020408163265,0.8912244897959183,0.4
sub-115_ses-01_task-szMonitoring_run-52,36,180,0.9470679012345679,0.48072063964556433,0.7616977902272021,0.3
sub-115_ses-01_task-szMonitoring_run-55,22,110,0.9681818181818183,0.3915289256198347,0.805655470467814,0.15
sub-115_ses-01_task-szMonitoring_run-57,18,90,0.9246913580246914,0.45264253017062006,0.7539013732833958,0.25
sub-116_ses-01_task-szMonitoring_run-06,13,65,0.8887573964497041,0.43964497041420114,0.7842178254437872,0.15
sub-116_ses-01_task-szMonitoring_run-18,21,105,0.946031746031746,0.5335600907029479,0.7143781784558485,0.15
sub-116_ses-01_task-szMonitoring_run-19,22,110,0.9698347107438017,0.47984389348025713,0.690898665554629,0.1
sub-116_ses-01_task-szMonitoring_run-24,21,105,0.8439909297052155,0.569843450200593,0.754295051353875,0.35
sub-116_ses-01_task-szMonitoring_run-25,10,50,0.366,0.21899999999999997,0.7964250000000002,0.25
sub-116_ses-01_task-szMonitoring_run-26,21,105,0.9251700680272109,0.4292517006802721,0.8379578754578756,0.2
sub-116_ses-01_task-szMonitoring_run-27,23,115,0.9973534971644613,0.3705271258176222,0.5508577504725899,0.0
sub-117_ses-01_task-szMonitoring_run-06,2,10,0.65,0.42500000000000004,0.7150000000000002,0.1
sub-117_ses-01_task-szMonitoring_run-07,5,25,0.9680000000000001,0.4651666666666666,0.6976000000000001,0.1
sub-117_ses-01_task-szMonitoring_run-10,6,30,0.5833333333333334,0.5611111111111111,0.7431800766283526,0.2
sub-117_ses-01_task-szMonitoring_run-11,4,20,0.625,0.6000000000000001,0.84375,0.3
sub-118_ses-01_task-szMonitoring_run-03,5,25,0.0,0.472,0.5528000000000001,0.0
sub-118_ses-01_task-szMonitoring_run-10,9,45,1.0,0.571604938271605,0.8891358024691358,0.3
sub-119_ses-01_task-szMonitoring_run-30,38,190,0.9339335180055401,0.5645086865966935,0.7332574679943101,0.15
sub-119_ses-01_task-szMonitoring_run-31,8,40,0.8500000000000001,0.509375,0.7440625000000003,0.2
sub-119_ses-01_task-szMonitoring_run-33,16,80,0.7796875000000001,0.4507763053797469,0.7143473101265824,0.15
sub-122_ses-01_task-szMonitoring_run-01,27,135,0.7914951989026062,0.5174664351851852,0.8068489124044679,0.3
sub-125_ses-01_task-szMonitoring_run-21,113,565,0.9198840942908607,0.4987344181178037,0.802223382619689,0.15
